0,1,2,3,4,5,6,7,8,9,10,11,12,13,14,15,16,17
0.0,0.0,3.2512917986064953,0.0,0.0,0.0,0.0,0.0,0.0,0.0,0.0,0.0,0.0,0.0,0.0,0.0,0.0,0.0
0.0,0.0,2.8458266904983307,0.0,0.0,0.0,0.0,0.0,0.0,0.0,0.0,0.0,0.0,0.0,0.0,0.0,0.0,2.8458266904983307
0.0,0.0,3.2512917986064953,0.0,0.0,0.0,0.0,0.0,0.0,0.0,0.0,0.0,0.0,0.0,0.0,0.0,0.0,0.0
0.0,0.0,2.3350010667323398,2.3350010667323398,2.3350010667323398,2.3350010667323398,0.0,0.0,0.0,0.0,0.0,0.0,0.0,0.0,0.0,0.0,0.0,0.0
0.0,0.0,0.0,0.0,0.0,0.0,0.0,0.0,0.0,0.0,2.1526795099383853,2.1526795099383853,2.1526795099383853,0.0,2.1526795099383853,0.0,2.1526795099383853,0.0
0.0,0.0,2.3350010667323398,0.0,0.0,4.6700021334646795,0.0,0.0,0.0,2.3350010667323398,0.0,0.0,0.0,2.3350010667323398,0.0,0.0,0.0,0.0
8.537480071494992,0.0,0.0,0.0,0.0,0.0,0.0,0.0,0.0,0.0,11.383306761993323,0.0,0.0,0.0,0.0,0.0,0.0,0.0
0.0,0.0,0.0,0.0,0.0,0.0,0.0,0.0,0.0,0.0,0.0,0.0,0.0,0.0,0.0,0.0,0.0,3.2512917986064953
0.0,0.0,0.0,0.0,0.0,0.0,0.0,0.0,0.0,0.0,0.0,0.0,0.0,0.0,0.0,0.0,0.0,3.2512917986064953
0.0,0.0,0.0,0.0,0.0,0.0,0.0,0.0,0.0,0.0,0.0,0.0,0.0,0.0,0.0,0.0,0.0,6.502583597212991
0.0,0.0,0.0,0.0,0.0,0.0,0.0,0.0,0.0,0.0,0.0,0.0,0.0,0.0,0.0,0.0,0.0,9.753875395819486
7.005003200197019,0.0,0.0,0.0,0.0,0.0,0.0,0.0,0.0,0.0,11.675005333661698,0.0,2.3350010667323398,0.0,0.0,2.3350010667323398,0.0,0.0
0.0,0.0,0.0,0.0,0.0,0.0,0.0,0.0,0.0,0.0,0.0,0.0,0.0,0.0,0.0,3.2512917986064953,0.0,0.0
0.0,0.0,0.0,0.0,2.8458266904983307,0.0,0.0,0.0,0.0,0.0,0.0,17.074960142989983,0.0,0.0,0.0,0.0,0.0,0.0
0.0,0.0,0.0,0.0,3.2512917986064953,0.0,0.0,0.0,0.0,0.0,0.0,0.0,0.0,0.0,0.0,0.0,0.0,0.0
2.8458266904983307,0.0,0.0,0.0,0.0,0.0,0.0,0.0,0.0,0.0,2.8458266904983307,0.0,0.0,0.0,0.0,0.0,0.0,0.0
0.0,0.0,0.0,0.0,6.502583597212991,0.0,0.0,0.0,0.0,0.0,0.0,0.0,0.0,0.0,0.0,0.0,0.0,0.0
0.0,0.0,3.2512917986064953,0.0,0.0,0.0,0.0,0.0,0.0,0.0,0.0,0.0,0.0,0.0,0.0,0.0,0.0,0.0
0.0,0.0,0.0,0.0,0.0,3.2512917986064953,0.0,0.0,0.0,0.0,0.0,0.0,0.0,0.0,0.0,0.0,0.0,0.0
0.0,0.0,0.0,0.0,0.0,0.0,0.0,0.0,0.0,0.0,3.2512917986064953,0.0,0.0,0.0,0.0,0.0,0.0,0.0
0.0,0.0,0.0,0.0,0.0,0.0,0.0,0.0,0.0,0.0,0.0,0.0,0.0,2.55814461804655,0.0,2.55814461804655,2.55814461804655,0.0
0.0,0.0,0.0,0.0,0.0,3.2512917986064953,0.0,0.0,0.0,0.0,0.0,0.0,0.0,0.0,0.0,0.0,0.0,0.0
0.0,0.0,0.0,0.0,0.0,0.0,0.0,3.2512917986064953,0.0,0.0,0.0,0.0,0.0,0.0,0.0,0.0,0.0,0.0
0.0,0.0,0.0,0.0,0.0,0.0,3.2512917986064953,0.0,0.0,0.0,0.0,0.0,0.0,0.0,0.0,0.0,0.0,0.0
0.0,0.0,0.0,0.0,0.0,0.0,0.0,0.0,0.0,0.0,0.0,0.0,9.753875395819486,0.0,0.0,0.0,0.0,0.0
0.0,0.0,0.0,0.0,0.0,0.0,0.0,0.0,0.0,0.0,3.2512917986064953,0.0,0.0,0.0,0.0,0.0,0.0,0.0
3.2512917986064953,0.0,0.0,0.0,0.0,0.0,0.0,0.0,0.0,0.0,0.0,0.0,0.0,0.0,0.0,0.0,0.0,0.0
0.0,0.0,0.0,0.0,0.0,0.0,0.0,0.0,0.0,0.0,0.0,0.0,0.0,0.0,3.2512917986064953,0.0,0.0,0.0
12.79072309023275,0.0,0.0,0.0,0.0,0.0,2.55814461804655,0.0,0.0,0.0,15.3488677082793,0.0,0.0,0.0,0.0,0.0,0.0,0.0
0.0,0.0,0.0,0.0,0.0,3.2512917986064953,0.0,0.0,0.0,0.0,0.0,0.0,0.0,0.0,0.0,0.0,0.0,0.0
0.0,0.0,0.0,0.0,0.0,0.0,0.0,0.0,0.0,0.0,0.0,0.0,3.2512917986064953,0.0,0.0,0.0,0.0,0.0
0.0,0.0,0.0,0.0,0.0,0.0,0.0,0.0,0.0,0.0,0.0,0.0,0.0,0.0,3.2512917986064953,0.0,0.0,0.0
0.0,0.0,0.0,0.0,0.0,0.0,0.0,0.0,0.0,0.0,0.0,6.502583597212991,0.0,0.0,0.0,0.0,0.0,0.0
0.0,0.0,0.0,18.649974374866044,0.0,20.51497181235265,0.0,0.0,0.0,5.594992312459814,0.0,1.8649974374866045,0.0,11.189984624919628,0.0,11.189984624919628,14.919979499892836,0.0
0.0,0.0,0.0,0.0,0.0,0.0,0.0,0.0,0.0,0.0,0.0,0.0,0.0,0.0,0.0,2.8458266904983307,8.537480071494992,0.0
0.0,0.0,0.0,0.0,0.0,0.0,0.0,0.0,0.0,0.0,0.0,0.0,0.0,0.0,0.0,3.2512917986064953,0.0,0.0
0.0,0.0,0.0,0.0,0.0,0.0,0.0,0.0,0.0,0.0,0.0,0.0,0.0,0.0,0.0,0.0,0.0,3.2512917986064953
0.0,0.0,3.2512917986064953,0.0,0.0,0.0,0.0,0.0,0.0,0.0,0.0,0.0,0.0,0.0,0.0,0.0,0.0,0.0
0.0,0.0,0.0,0.0,0.0,0.0,0.0,0.0,0.0,0.0,0.0,0.0,0.0,0.0,0.0,0.0,0.0,3.2512917986064953
2.55814461804655,0.0,0.0,0.0,0.0,0.0,0.0,0.0,0.0,0.0,2.55814461804655,0.0,2.55814461804655,0.0,0.0,0.0,0.0,0.0
0.0,0.0,0.0,0.0,0.0,0.0,0.0,0.0,0.0,0.0,0.0,0.0,0.0,0.0,0.0,0.0,0.0,3.2512917986064953
0.0,0.0,0.0,0.0,0.0,0.0,3.2512917986064953,0.0,0.0,0.0,0.0,0.0,0.0,0.0,0.0,0.0,0.0,0.0
0.0,0.0,0.0,0.0,0.0,0.0,0.0,0.0,0.0,0.0,0.0,0.0,0.0,0.0,0.0,0.0,0.0,3.2512917986064953
0.0,0.0,0.0,3.2512917986064953,0.0,0.0,0.0,0.0,0.0,0.0,0.0,0.0,0.0,0.0,0.0,0.0,0.0,0.0
2.1081344425405515,3.1622016638108272,2.1081344425405515,3.1622016638108272,3.1622016638108272,3.1622016638108272,2.1081344425405515,2.1081344425405515,0.0,2.1081344425405515,3.1622016638108272,3.1622016638108272,2.1081344425405515,2.1081344425405515,3.1622016638108272,3.1622016638108272,3.1622016638108272,2.1081344425405515
0.0,2.8458266904983307,0.0,0.0,0.0,0.0,0.0,0.0,0.0,0.0,0.0,0.0,0.0,2.8458266904983307,0.0,0.0,0.0,0.0
0.0,0.0,0.0,0.0,0.0,0.0,0.0,0.0,0.0,0.0,0.0,3.2512917986064953,0.0,0.0,0.0,0.0,0.0,0.0
0.0,0.0,0.0,0.0,0.0,0.0,0.0,0.0,0.0,0.0,3.2512917986064953,0.0,0.0,0.0,0.0,0.0,0.0,0.0
0.0,0.0,0.0,0.0,0.0,0.0,0.0,0.0,0.0,0.0,0.0,6.502583597212991,0.0,0.0,0.0,0.0,0.0,0.0
0.0,0.0,3.2512917986064953,0.0,0.0,0.0,0.0,0.0,0.0,0.0,0.0,0.0,0.0,0.0,0.0,0.0,0.0,0.0
0.0,0.0,0.0,0.0,0.0,0.0,0.0,0.0,0.0,0.0,0.0,0.0,0.0,0.0,3.2512917986064953,0.0,0.0,0.0
0.0,0.0,0.0,0.0,0.0,0.0,0.0,0.0,0.0,0.0,0.0,0.0,0.0,3.2512917986064953,0.0,0.0,0.0,0.0
0.0,0.0,0.0,0.0,0.0,0.0,0.0,0.0,0.0,0.0,0.0,0.0,3.2512917986064953,0.0,0.0,0.0,0.0,0.0
2.3350010667323398,0.0,0.0,0.0,0.0,0.0,4.6700021334646795,2.3350010667323398,0.0,0.0,0.0,0.0,2.3350010667323398,0.0,0.0,0.0,0.0,0.0
0.0,0.0,0.0,0.0,0.0,0.0,0.0,0.0,0.0,0.0,3.2512917986064953,0.0,0.0,0.0,0.0,0.0,0.0,0.0
0.0,2.8458266904983307,0.0,0.0,0.0,0.0,0.0,0.0,0.0,0.0,0.0,2.8458266904983307,0.0,0.0,0.0,0.0,0.0,0.0
0.0,0.0,0.0,0.0,0.0,2.55814461804655,0.0,0.0,0.0,0.0,0.0,2.55814461804655,0.0,0.0,0.0,2.55814461804655,0.0,0.0
0.0,0.0,0.0,0.0,0.0,0.0,0.0,0.0,0.0,0.0,0.0,0.0,0.0,0.0,0.0,0.0,0.0,3.2512917986064953
0.0,0.0,0.0,0.0,0.0,0.0,0.0,0.0,0.0,0.0,0.0,0.0,0.0,0.0,0.0,0.0,0.0,3.2512917986064953
0.0,0.0,0.0,0.0,0.0,0.0,0.0,3.2512917986064953,0.0,0.0,0.0,0.0,0.0,0.0,0.0,0.0,0.0,0.0
0.0,2.55814461804655,0.0,0.0,2.55814461804655,2.55814461804655,0.0,0.0,0.0,0.0,0.0,0.0,0.0,0.0,0.0,0.0,0.0,0.0
0.0,0.0,0.0,5.1162892360931,0.0,0.0,2.55814461804655,0.0,0.0,0.0,0.0,0.0,0.0,0.0,0.0,2.55814461804655,0.0,0.0
0.0,14.010006400394039,0.0,2.3350010667323398,0.0,0.0,0.0,0.0,0.0,0.0,0.0,0.0,0.0,0.0,0.0,4.6700021334646795,4.6700021334646795,0.0
0.0,0.0,0.0,0.0,0.0,0.0,0.0,0.0,0.0,0.0,0.0,0.0,0.0,0.0,3.2512917986064953,0.0,0.0,0.0
0.0,0.0,2.8458266904983307,0.0,0.0,0.0,0.0,0.0,0.0,0.0,2.8458266904983307,0.0,0.0,0.0,0.0,0.0,0.0,0.0
0.0,0.0,0.0,0.0,0.0,0.0,0.0,0.0,0.0,2.55814461804655,0.0,5.1162892360931,2.55814461804655,0.0,0.0,0.0,0.0,0.0
0.0,3.729994874973209,1.8649974374866045,0.0,1.8649974374866045,0.0,0.0,0.0,0.0,0.0,0.0,1.8649974374866045,0.0,0.0,1.8649974374866045,1.8649974374866045,1.8649974374866045,0.0
0.0,0.0,0.0,0.0,0.0,0.0,0.0,3.2512917986064953,0.0,0.0,0.0,0.0,0.0,0.0,0.0,0.0,0.0,0.0
0.0,0.0,2.8458266904983307,0.0,0.0,0.0,0.0,0.0,0.0,0.0,0.0,0.0,2.8458266904983307,0.0,0.0,0.0,0.0,0.0
0.0,0.0,0.0,0.0,0.0,0.0,0.0,0.0,0.0,0.0,0.0,0.0,3.2512917986064953,0.0,0.0,0.0,0.0,0.0
0.0,0.0,0.0,3.2512917986064953,0.0,0.0,0.0,0.0,0.0,0.0,0.0,0.0,0.0,0.0,0.0,0.0,0.0,0.0
0.0,0.0,13.005167194425981,0.0,0.0,0.0,0.0,0.0,0.0,0.0,0.0,0.0,0.0,0.0,0.0,0.0,0.0,0.0
0.0,0.0,0.0,0.0,0.0,0.0,0.0,0.0,0.0,0.0,0.0,0.0,0.0,3.2512917986064953,0.0,0.0,0.0,0.0
0.0,0.0,0.0,0.0,0.0,0.0,0.0,0.0,0.0,0.0,2.8458266904983307,0.0,0.0,0.0,0.0,2.8458266904983307,0.0,0.0
0.0,0.0,0.0,0.0,0.0,0.0,3.2512917986064953,0.0,0.0,0.0,0.0,0.0,0.0,0.0,0.0,0.0,0.0,0.0
3.2512917986064953,0.0,0.0,0.0,0.0,0.0,0.0,0.0,0.0,0.0,0.0,0.0,0.0,0.0,0.0,0.0,0.0,0.0
0.0,0.0,0.0,0.0,0.0,0.0,0.0,0.0,0.0,0.0,3.2512917986064953,0.0,0.0,0.0,0.0,0.0,0.0,0.0
0.0,0.0,0.0,0.0,0.0,0.0,0.0,0.0,0.0,0.0,0.0,3.2512917986064953,0.0,0.0,0.0,0.0,0.0,0.0
0.0,0.0,0.0,0.0,0.0,0.0,0.0,0.0,0.0,0.0,0.0,0.0,0.0,3.2512917986064953,0.0,0.0,0.0,0.0
0.0,0.0,0.0,0.0,0.0,0.0,0.0,3.2512917986064953,0.0,0.0,0.0,0.0,0.0,0.0,0.0,0.0,0.0,0.0
0.0,0.0,0.0,0.0,0.0,0.0,0.0,0.0,0.0,0.0,0.0,0.0,0.0,3.2512917986064953,0.0,0.0,0.0,0.0
0.0,0.0,0.0,0.0,0.0,0.0,0.0,0.0,0.0,3.2512917986064953,0.0,0.0,0.0,0.0,0.0,0.0,0.0,0.0
0.0,0.0,0.0,0.0,0.0,0.0,2.55814461804655,0.0,0.0,2.55814461804655,5.1162892360931,0.0,0.0,0.0,0.0,0.0,0.0,0.0
0.0,0.0,0.0,0.0,0.0,0.0,0.0,0.0,0.0,0.0,0.0,3.2512917986064953,0.0,0.0,0.0,0.0,0.0,0.0
0.0,0.0,0.0,0.0,0.0,2.8458266904983307,0.0,0.0,0.0,0.0,0.0,0.0,2.8458266904983307,0.0,0.0,0.0,0.0,0.0
0.0,0.0,0.0,0.0,0.0,0.0,0.0,0.0,0.0,2.8458266904983307,0.0,0.0,0.0,2.8458266904983307,0.0,0.0,0.0,0.0
1.8649974374866045,0.0,0.0,1.8649974374866045,1.8649974374866045,0.0,0.0,1.8649974374866045,0.0,1.8649974374866045,0.0,1.8649974374866045,0.0,1.8649974374866045,0.0,0.0,0.0,0.0
0.0,0.0,0.0,0.0,0.0,0.0,0.0,0.0,0.0,0.0,0.0,3.2512917986064953,0.0,0.0,0.0,0.0,0.0,0.0
0.0,0.0,0.0,0.0,0.0,0.0,0.0,0.0,0.0,0.0,0.0,0.0,0.0,0.0,0.0,2.8458266904983307,2.8458266904983307,0.0
0.0,0.0,0.0,0.0,3.2512917986064953,0.0,0.0,0.0,0.0,0.0,0.0,0.0,0.0,0.0,0.0,0.0,0.0,0.0
0.0,0.0,0.0,0.0,0.0,0.0,0.0,0.0,0.0,0.0,0.0,0.0,0.0,3.2512917986064953,0.0,0.0,0.0,0.0
0.0,0.0,0.0,0.0,0.0,0.0,0.0,0.0,0.0,0.0,0.0,0.0,0.0,0.0,0.0,0.0,0.0,16.256458993032478
0.0,0.0,0.0,0.0,0.0,0.0,0.0,0.0,0.0,0.0,0.0,0.0,0.0,0.0,3.2512917986064953,0.0,0.0,0.0
0.0,0.0,0.0,0.0,2.55814461804655,2.55814461804655,0.0,0.0,0.0,0.0,0.0,0.0,0.0,2.55814461804655,0.0,0.0,0.0,0.0
0.0,0.0,0.0,0.0,0.0,0.0,3.2512917986064953,0.0,0.0,0.0,0.0,0.0,0.0,0.0,0.0,0.0,0.0,0.0
0.0,0.0,0.0,0.0,0.0,0.0,0.0,0.0,0.0,0.0,0.0,0.0,3.2512917986064953,0.0,0.0,0.0,0.0,0.0
0.0,0.0,0.0,0.0,0.0,0.0,0.0,0.0,0.0,0.0,0.0,0.0,2.8458266904983307,0.0,0.0,0.0,0.0,2.8458266904983307
0.0,0.0,0.0,0.0,0.0,0.0,0.0,0.0,0.0,0.0,0.0,0.0,0.0,0.0,3.2512917986064953,0.0,0.0,0.0
0.0,0.0,0.0,0.0,0.0,0.0,0.0,0.0,0.0,0.0,0.0,0.0,0.0,3.2512917986064953,0.0,0.0,0.0,0.0
0.0,0.0,0.0,0.0,0.0,0.0,0.0,0.0,0.0,0.0,0.0,0.0,0.0,0.0,0.0,0.0,0.0,3.2512917986064953
0.0,3.2512917986064953,0.0,0.0,0.0,0.0,0.0,0.0,0.0,0.0,0.0,0.0,0.0,0.0,0.0,0.0,0.0,0.0
0.0,0.0,0.0,0.0,3.2512917986064953,0.0,0.0,0.0,0.0,0.0,0.0,0.0,0.0,0.0,0.0,0.0,0.0,0.0
0.0,0.0,0.0,0.0,0.0,0.0,0.0,0.0,0.0,6.502583597212991,0.0,0.0,0.0,0.0,0.0,0.0,0.0,0.0
0.0,0.0,0.0,0.0,0.0,0.0,0.0,0.0,0.0,3.2512917986064953,0.0,0.0,0.0,0.0,0.0,0.0,0.0,0.0
0.0,0.0,0.0,0.0,0.0,0.0,0.0,0.0,0.0,0.0,0.0,0.0,0.0,3.2512917986064953,0.0,0.0,0.0,0.0
0.0,0.0,0.0,0.0,0.0,0.0,0.0,0.0,0.0,0.0,0.0,0.0,3.2512917986064953,0.0,0.0,0.0,0.0,0.0
1.7472144018302211,1.7472144018302211,0.0,0.0,0.0,1.7472144018302211,3.4944288036604423,0.0,1.7472144018302211,1.7472144018302211,1.7472144018302211,0.0,0.0,3.4944288036604423,0.0,0.0,0.0,0.0
0.0,0.0,0.0,0.0,0.0,0.0,0.0,0.0,0.0,0.0,0.0,0.0,3.2512917986064953,0.0,0.0,0.0,0.0,0.0
0.0,0.0,0.0,0.0,0.0,0.0,0.0,0.0,0.0,0.0,0.0,0.0,0.0,0.0,3.2512917986064953,0.0,0.0,0.0
0.0,0.0,0.0,0.0,0.0,0.0,0.0,0.0,0.0,5.691653380996661,0.0,0.0,0.0,2.8458266904983307,0.0,0.0,0.0,0.0
0.0,0.0,0.0,2.3350010667323398,0.0,0.0,2.3350010667323398,0.0,0.0,0.0,0.0,0.0,0.0,0.0,0.0,2.3350010667323398,7.005003200197019,0.0
2.3350010667323398,2.3350010667323398,0.0,0.0,0.0,0.0,0.0,0.0,0.0,0.0,0.0,0.0,0.0,0.0,0.0,4.6700021334646795,2.3350010667323398,0.0
0.0,0.0,0.0,0.0,0.0,0.0,0.0,0.0,0.0,2.8458266904983307,0.0,0.0,0.0,2.8458266904983307,0.0,0.0,0.0,0.0
5.1162892360931,2.55814461804655,0.0,0.0,0.0,0.0,0.0,2.55814461804655,0.0,0.0,0.0,0.0,0.0,0.0,0.0,0.0,0.0,0.0
0.0,0.0,0.0,0.0,0.0,0.0,0.0,0.0,0.0,0.0,0.0,0.0,0.0,0.0,3.2512917986064953,0.0,0.0,0.0
0.0,2.8458266904983307,0.0,0.0,0.0,0.0,0.0,0.0,0.0,0.0,0.0,0.0,2.8458266904983307,0.0,0.0,0.0,0.0,0.0
0.0,2.55814461804655,0.0,0.0,0.0,0.0,0.0,0.0,0.0,0.0,0.0,0.0,0.0,0.0,0.0,5.1162892360931,7.67443385413965,0.0
0.0,0.0,0.0,0.0,0.0,0.0,2.55814461804655,0.0,0.0,0.0,0.0,5.1162892360931,0.0,0.0,5.1162892360931,0.0,0.0,0.0
0.0,0.0,0.0,0.0,0.0,0.0,0.0,0.0,0.0,0.0,0.0,0.0,0.0,0.0,0.0,2.8458266904983307,2.8458266904983307,0.0
0.0,0.0,0.0,0.0,0.0,0.0,0.0,0.0,0.0,0.0,0.0,19.507750791638973,0.0,0.0,0.0,0.0,0.0,0.0
0.0,0.0,0.0,0.0,0.0,0.0,0.0,0.0,0.0,0.0,3.2512917986064953,0.0,0.0,0.0,0.0,0.0,0.0,0.0
0.0,0.0,2.8458266904983307,0.0,0.0,0.0,0.0,0.0,0.0,0.0,2.8458266904983307,0.0,0.0,0.0,0.0,0.0,0.0,0.0
0.0,0.0,0.0,0.0,0.0,0.0,0.0,0.0,0.0,0.0,0.0,0.0,3.2512917986064953,0.0,0.0,0.0,0.0,0.0
0.0,0.0,0.0,0.0,3.2512917986064953,0.0,0.0,0.0,0.0,0.0,0.0,0.0,0.0,0.0,0.0,0.0,0.0,0.0
0.0,0.0,0.0,2.3350010667323398,0.0,0.0,2.3350010667323398,0.0,0.0,0.0,0.0,0.0,0.0,0.0,0.0,2.3350010667323398,2.3350010667323398,0.0
0.0,0.0,0.0,0.0,3.2512917986064953,0.0,0.0,0.0,0.0,0.0,0.0,0.0,0.0,0.0,0.0,0.0,0.0,0.0
0.0,0.0,0.0,0.0,5.691653380996661,0.0,0.0,2.8458266904983307,0.0,0.0,0.0,0.0,0.0,0.0,0.0,0.0,0.0,0.0
0.0,0.0,0.0,0.0,0.0,0.0,3.2512917986064953,0.0,0.0,0.0,0.0,0.0,0.0,0.0,0.0,0.0,0.0,0.0
0.0,3.4944288036604423,0.0,0.0,1.7472144018302211,0.0,1.7472144018302211,3.4944288036604423,0.0,0.0,0.0,6.988857607320885,3.4944288036604423,1.7472144018302211,3.4944288036604423,0.0,0.0,0.0
0.0,0.0,0.0,0.0,0.0,0.0,0.0,0.0,0.0,0.0,0.0,0.0,0.0,0.0,3.2512917986064953,0.0,0.0,0.0
1.9985288301111273,0.0,0.0,0.0,0.0,1.9985288301111273,15.988230640889018,0.0,0.0,7.994115320444509,0.0,0.0,3.9970576602222545,13.989701810777891,0.0,0.0,0.0,0.0
0.0,0.0,0.0,0.0,0.0,3.2512917986064953,0.0,0.0,0.0,0.0,0.0,0.0,0.0,0.0,0.0,0.0,0.0,0.0
0.0,0.0,3.2512917986064953,0.0,0.0,0.0,0.0,0.0,0.0,0.0,0.0,0.0,0.0,0.0,0.0,0.0,0.0,0.0
0.0,0.0,0.0,6.502583597212991,0.0,0.0,0.0,0.0,0.0,0.0,0.0,0.0,0.0,0.0,0.0,0.0,0.0,0.0
0.0,0.0,0.0,0.0,3.2512917986064953,0.0,0.0,0.0,0.0,0.0,0.0,0.0,0.0,0.0,0.0,0.0,0.0,0.0
0.0,0.0,0.0,0.0,0.0,0.0,0.0,0.0,0.0,0.0,0.0,0.0,0.0,0.0,3.2512917986064953,0.0,0.0,0.0
0.0,0.0,0.0,0.0,0.0,0.0,0.0,0.0,0.0,0.0,0.0,0.0,0.0,0.0,0.0,0.0,0.0,3.2512917986064953
0.0,0.0,0.0,0.0,0.0,0.0,0.0,0.0,0.0,0.0,0.0,0.0,2.8458266904983307,2.8458266904983307,0.0,0.0,0.0,0.0
0.0,0.0,0.0,0.0,0.0,0.0,0.0,0.0,0.0,0.0,0.0,0.0,0.0,0.0,3.2512917986064953,0.0,0.0,0.0
1.8649974374866045,0.0,1.8649974374866045,0.0,0.0,1.8649974374866045,0.0,0.0,0.0,0.0,0.0,1.8649974374866045,1.8649974374866045,1.8649974374866045,1.8649974374866045,0.0,0.0,0.0
10.0,6.0,6.0,2.0,13.0,12.0,8.0,9.0,1.0,6.0,5.0,7.0,2.0,8.0,9.0,6.0,7.0,1.0
0.0,0.0,3.2512917986064953,0.0,0.0,0.0,0.0,0.0,0.0,0.0,0.0,0.0,0.0,0.0,0.0,0.0,0.0,0.0
0.0,0.0,2.55814461804655,0.0,0.0,0.0,0.0,0.0,0.0,0.0,2.55814461804655,0.0,5.1162892360931,0.0,0.0,0.0,0.0,0.0
0.0,0.0,0.0,0.0,0.0,0.0,0.0,0.0,0.0,0.0,0.0,0.0,0.0,0.0,0.0,2.8458266904983307,2.8458266904983307,0.0
0.0,0.0,0.0,0.0,0.0,0.0,0.0,0.0,0.0,0.0,0.0,0.0,0.0,0.0,0.0,0.0,0.0,3.2512917986064953
0.0,0.0,2.8458266904983307,0.0,0.0,34.14992028597997,0.0,0.0,0.0,0.0,0.0,0.0,0.0,0.0,0.0,0.0,0.0,0.0
0.0,0.0,0.0,0.0,0.0,0.0,0.0,0.0,0.0,0.0,0.0,0.0,13.005167194425981,0.0,0.0,0.0,0.0,0.0
0.0,0.0,0.0,0.0,0.0,0.0,0.0,0.0,0.0,0.0,0.0,0.0,3.2512917986064953,0.0,0.0,0.0,0.0,0.0
2.8458266904983307,0.0,0.0,0.0,0.0,0.0,0.0,0.0,0.0,0.0,2.8458266904983307,0.0,0.0,0.0,0.0,0.0,0.0,0.0
0.0,0.0,0.0,0.0,0.0,0.0,0.0,0.0,0.0,0.0,0.0,0.0,0.0,0.0,3.2512917986064953,0.0,0.0,0.0
0.0,0.0,0.0,0.0,0.0,0.0,0.0,0.0,0.0,0.0,0.0,0.0,0.0,0.0,0.0,2.8458266904983307,2.8458266904983307,0.0
0.0,0.0,0.0,0.0,0.0,0.0,0.0,0.0,0.0,0.0,0.0,3.2512917986064953,0.0,0.0,0.0,0.0,0.0,0.0
0.0,0.0,0.0,2.8458266904983307,0.0,0.0,0.0,0.0,0.0,0.0,0.0,0.0,0.0,0.0,0.0,2.8458266904983307,0.0,0.0
0.0,0.0,0.0,0.0,0.0,0.0,0.0,0.0,0.0,0.0,0.0,0.0,0.0,0.0,0.0,0.0,0.0,3.2512917986064953
0.0,0.0,0.0,0.0,0.0,0.0,0.0,0.0,0.0,0.0,0.0,0.0,0.0,0.0,0.0,0.0,0.0,3.2512917986064953
0.0,0.0,0.0,2.1526795099383853,0.0,2.1526795099383853,2.1526795099383853,0.0,0.0,0.0,0.0,0.0,0.0,0.0,0.0,0.0,2.1526795099383853,2.1526795099383853
0.0,0.0,0.0,0.0,0.0,0.0,0.0,0.0,0.0,0.0,0.0,0.0,0.0,0.0,0.0,0.0,0.0,3.2512917986064953
0.0,0.0,0.0,0.0,0.0,0.0,0.0,0.0,0.0,0.0,2.8458266904983307,0.0,0.0,0.0,2.8458266904983307,0.0,0.0,0.0
0.0,0.0,0.0,0.0,0.0,0.0,0.0,0.0,0.0,0.0,0.0,3.2512917986064953,0.0,0.0,0.0,0.0,0.0,0.0
0.0,0.0,0.0,0.0,0.0,0.0,0.0,0.0,0.0,0.0,0.0,0.0,0.0,0.0,0.0,3.2512917986064953,0.0,0.0
0.0,0.0,0.0,0.0,0.0,0.0,0.0,0.0,0.0,0.0,0.0,6.502583597212991,0.0,0.0,0.0,0.0,0.0,0.0
0.0,0.0,0.0,20.4651569443724,0.0,0.0,0.0,0.0,0.0,0.0,0.0,0.0,0.0,0.0,0.0,2.55814461804655,7.67443385413965,0.0
0.0,0.0,0.0,0.0,0.0,0.0,0.0,0.0,0.0,3.2512917986064953,0.0,0.0,0.0,0.0,0.0,0.0,0.0,0.0
0.0,2.8458266904983307,0.0,0.0,0.0,0.0,0.0,0.0,0.0,0.0,0.0,0.0,0.0,2.8458266904983307,0.0,0.0,0.0,0.0
0.0,3.2512917986064953,0.0,0.0,0.0,0.0,0.0,0.0,0.0,0.0,0.0,0.0,0.0,0.0,0.0,0.0,0.0,0.0
0.0,0.0,0.0,0.0,0.0,0.0,0.0,0.0,0.0,0.0,0.0,0.0,0.0,3.2512917986064953,0.0,0.0,0.0,0.0
2.8458266904983307,0.0,0.0,0.0,0.0,0.0,0.0,0.0,0.0,0.0,0.0,0.0,0.0,0.0,0.0,0.0,0.0,2.8458266904983307
0.0,0.0,0.0,3.2512917986064953,0.0,0.0,0.0,0.0,0.0,0.0,0.0,0.0,0.0,0.0,0.0,0.0,0.0,0.0
2.8458266904983307,2.8458266904983307,0.0,0.0,0.0,0.0,0.0,0.0,0.0,0.0,0.0,0.0,0.0,0.0,0.0,0.0,0.0,0.0
1.8649974374866045,1.8649974374866045,0.0,1.8649974374866045,1.8649974374866045,1.8649974374866045,1.8649974374866045,0.0,0.0,0.0,0.0,0.0,0.0,0.0,0.0,0.0,0.0,1.8649974374866045
0.0,0.0,0.0,0.0,0.0,0.0,0.0,0.0,0.0,0.0,0.0,0.0,0.0,0.0,0.0,6.502583597212991,0.0,0.0
0.0,0.0,0.0,0.0,19.507750791638973,0.0,0.0,0.0,0.0,0.0,0.0,0.0,0.0,0.0,0.0,0.0,0.0,0.0
0.0,0.0,0.0,3.2512917986064953,0.0,0.0,0.0,0.0,0.0,0.0,0.0,0.0,0.0,0.0,0.0,0.0,0.0,0.0
0.0,0.0,0.0,0.0,0.0,0.0,0.0,0.0,0.0,0.0,0.0,0.0,3.2512917986064953,0.0,0.0,0.0,0.0,0.0
0.0,0.0,0.0,0.0,0.0,0.0,0.0,0.0,0.0,0.0,0.0,0.0,0.0,0.0,0.0,2.8458266904983307,2.8458266904983307,0.0
0.0,0.0,0.0,0.0,0.0,0.0,0.0,0.0,0.0,0.0,0.0,0.0,0.0,0.0,0.0,0.0,0.0,6.502583597212991
3.2512917986064953,0.0,0.0,0.0,0.0,0.0,0.0,0.0,0.0,0.0,0.0,0.0,0.0,0.0,0.0,0.0,0.0,0.0
0.0,0.0,0.0,0.0,0.0,0.0,0.0,0.0,0.0,0.0,0.0,0.0,0.0,0.0,3.2512917986064953,0.0,0.0,0.0
3.2512917986064953,0.0,0.0,0.0,0.0,0.0,0.0,0.0,0.0,0.0,0.0,0.0,0.0,0.0,0.0,0.0,0.0,0.0
0.0,0.0,0.0,0.0,0.0,0.0,0.0,0.0,0.0,0.0,2.3350010667323398,2.3350010667323398,2.3350010667323398,2.3350010667323398,0.0,0.0,0.0,0.0
3.2512917986064953,0.0,0.0,0.0,0.0,0.0,0.0,0.0,0.0,0.0,0.0,0.0,0.0,0.0,0.0,0.0,0.0,0.0
0.0,0.0,3.2512917986064953,0.0,0.0,0.0,0.0,0.0,0.0,0.0,0.0,0.0,0.0,0.0,0.0,0.0,0.0,0.0
0.0,0.0,0.0,0.0,2.8458266904983307,0.0,0.0,2.8458266904983307,0.0,0.0,0.0,0.0,0.0,0.0,0.0,0.0,0.0,0.0
0.0,0.0,0.0,0.0,6.502583597212991,0.0,0.0,0.0,0.0,0.0,0.0,0.0,0.0,0.0,0.0,0.0,0.0,0.0
0.0,0.0,0.0,0.0,0.0,0.0,0.0,0.0,0.0,0.0,0.0,0.0,0.0,0.0,3.2512917986064953,0.0,0.0,0.0
0.0,0.0,0.0,0.0,0.0,0.0,0.0,0.0,0.0,0.0,0.0,3.2512917986064953,0.0,0.0,0.0,0.0,0.0,0.0
0.0,0.0,2.3350010667323398,0.0,0.0,0.0,2.3350010667323398,0.0,0.0,0.0,2.3350010667323398,0.0,0.0,0.0,0.0,0.0,0.0,2.3350010667323398
0.0,0.0,0.0,0.0,0.0,0.0,0.0,0.0,0.0,0.0,0.0,0.0,6.502583597212991,0.0,0.0,0.0,0.0,0.0
0.0,0.0,0.0,0.0,8.537480071494992,0.0,0.0,0.0,0.0,0.0,0.0,0.0,0.0,0.0,2.8458266904983307,0.0,0.0,0.0
0.0,0.0,0.0,0.0,0.0,0.0,0.0,0.0,0.0,0.0,0.0,0.0,3.2512917986064953,0.0,0.0,0.0,0.0,0.0
0.0,0.0,0.0,3.2512917986064953,0.0,0.0,0.0,0.0,0.0,0.0,0.0,0.0,0.0,0.0,0.0,0.0,0.0,0.0
0.0,0.0,0.0,0.0,0.0,0.0,0.0,0.0,0.0,0.0,0.0,0.0,0.0,0.0,3.2512917986064953,0.0,0.0,0.0
0.0,0.0,0.0,0.0,0.0,0.0,0.0,0.0,0.0,0.0,0.0,0.0,3.2512917986064953,0.0,0.0,0.0,0.0,0.0
3.2512917986064953,0.0,0.0,0.0,0.0,0.0,0.0,0.0,0.0,0.0,0.0,0.0,0.0,0.0,0.0,0.0,0.0,0.0
0.0,3.2512917986064953,0.0,0.0,0.0,0.0,0.0,0.0,0.0,0.0,0.0,0.0,0.0,0.0,0.0,0.0,0.0,0.0
0.0,0.0,0.0,0.0,0.0,0.0,0.0,0.0,3.2512917986064953,0.0,0.0,0.0,0.0,0.0,0.0,0.0,0.0,0.0
0.0,0.0,0.0,0.0,0.0,0.0,0.0,0.0,0.0,3.2512917986064953,0.0,0.0,0.0,0.0,0.0,0.0,0.0,0.0
0.0,0.0,0.0,0.0,0.0,0.0,0.0,0.0,0.0,3.2512917986064953,0.0,0.0,0.0,0.0,0.0,0.0,0.0,0.0
0.0,0.0,0.0,0.0,0.0,0.0,0.0,0.0,0.0,0.0,0.0,0.0,0.0,0.0,3.2512917986064953,0.0,0.0,0.0
0.0,2.1526795099383853,2.1526795099383853,0.0,0.0,0.0,2.1526795099383853,0.0,0.0,6.4580385298151555,0.0,0.0,0.0,2.1526795099383853,0.0,0.0,0.0,0.0
0.0,0.0,0.0,0.0,0.0,0.0,0.0,0.0,0.0,0.0,0.0,0.0,0.0,0.0,0.0,0.0,0.0,3.2512917986064953
0.0,0.0,0.0,0.0,0.0,0.0,0.0,0.0,0.0,0.0,0.0,0.0,0.0,0.0,0.0,2.8458266904983307,2.8458266904983307,0.0
0.0,0.0,0.0,0.0,0.0,0.0,0.0,0.0,0.0,0.0,0.0,0.0,0.0,0.0,0.0,0.0,0.0,3.2512917986064953
0.0,0.0,0.0,0.0,0.0,0.0,3.2512917986064953,0.0,0.0,0.0,0.0,0.0,0.0,0.0,0.0,0.0,0.0,0.0
0.0,0.0,0.0,0.0,0.0,0.0,0.0,0.0,0.0,0.0,0.0,0.0,0.0,3.2512917986064953,0.0,0.0,0.0,0.0
0.0,2.3350010667323398,0.0,0.0,0.0,0.0,2.3350010667323398,0.0,0.0,0.0,2.3350010667323398,2.3350010667323398,0.0,0.0,0.0,0.0,0.0,0.0
0.0,0.0,0.0,0.0,0.0,0.0,6.502583597212991,0.0,0.0,0.0,0.0,0.0,0.0,0.0,0.0,0.0,0.0,0.0
2.3350010667323398,0.0,0.0,0.0,0.0,0.0,2.3350010667323398,0.0,0.0,4.6700021334646795,0.0,2.3350010667323398,0.0,0.0,0.0,0.0,0.0,0.0
0.0,2.8458266904983307,0.0,0.0,0.0,0.0,0.0,5.691653380996661,0.0,0.0,0.0,0.0,0.0,0.0,0.0,0.0,0.0,0.0
0.0,0.0,0.0,0.0,0.0,0.0,3.2512917986064953,0.0,0.0,0.0,0.0,0.0,0.0,0.0,0.0,0.0,0.0,0.0
2.8458266904983307,0.0,0.0,0.0,0.0,0.0,0.0,2.8458266904983307,0.0,0.0,0.0,0.0,0.0,0.0,0.0,0.0,0.0,0.0
0.0,0.0,0.0,0.0,0.0,0.0,0.0,0.0,0.0,0.0,0.0,0.0,0.0,3.2512917986064953,0.0,0.0,0.0,0.0
0.0,0.0,0.0,0.0,0.0,5.1162892360931,0.0,0.0,0.0,0.0,0.0,2.55814461804655,0.0,0.0,2.55814461804655,0.0,0.0,0.0
0.0,0.0,0.0,0.0,0.0,0.0,2.8458266904983307,0.0,0.0,0.0,5.691653380996661,0.0,0.0,0.0,0.0,0.0,0.0,0.0
0.0,0.0,0.0,0.0,0.0,0.0,3.2512917986064953,0.0,0.0,0.0,0.0,0.0,0.0,0.0,0.0,0.0,0.0,0.0
0.0,0.0,0.0,0.0,0.0,0.0,0.0,0.0,0.0,0.0,0.0,0.0,0.0,0.0,0.0,3.2512917986064953,0.0,0.0
0.0,0.0,0.0,0.0,0.0,0.0,0.0,0.0,0.0,0.0,3.2512917986064953,0.0,0.0,0.0,0.0,0.0,0.0,0.0
0.0,0.0,0.0,0.0,0.0,0.0,0.0,0.0,0.0,0.0,0.0,0.0,3.2512917986064953,0.0,0.0,0.0,0.0,0.0
0.0,0.0,0.0,0.0,0.0,0.0,0.0,0.0,0.0,0.0,0.0,0.0,0.0,0.0,0.0,0.0,0.0,16.256458993032478
0.0,0.0,0.0,0.0,0.0,0.0,0.0,0.0,0.0,0.0,0.0,0.0,3.2512917986064953,0.0,0.0,0.0,0.0,0.0
0.0,0.0,0.0,0.0,0.0,0.0,0.0,0.0,0.0,0.0,0.0,16.256458993032478,0.0,0.0,0.0,0.0,0.0,0.0
0.0,0.0,0.0,0.0,0.0,0.0,0.0,0.0,0.0,0.0,0.0,0.0,0.0,0.0,0.0,0.0,0.0,3.2512917986064953
0.0,2.3350010667323398,0.0,0.0,0.0,0.0,0.0,0.0,2.3350010667323398,0.0,0.0,4.6700021334646795,7.005003200197019,0.0,0.0,0.0,0.0,0.0
0.0,0.0,0.0,0.0,0.0,0.0,3.2512917986064953,0.0,0.0,0.0,0.0,0.0,0.0,0.0,0.0,0.0,0.0,0.0
0.0,0.0,0.0,0.0,0.0,0.0,0.0,0.0,0.0,2.55814461804655,0.0,0.0,2.55814461804655,17.907012326325848,0.0,0.0,0.0,0.0
0.0,0.0,0.0,0.0,0.0,0.0,0.0,3.2512917986064953,0.0,0.0,0.0,0.0,0.0,0.0,0.0,0.0,0.0,0.0
2.8458266904983307,0.0,2.8458266904983307,0.0,0.0,0.0,0.0,0.0,0.0,0.0,0.0,0.0,0.0,0.0,0.0,0.0,0.0,0.0
0.0,0.0,0.0,0.0,0.0,0.0,0.0,0.0,0.0,22.759042590245468,0.0,0.0,0.0,0.0,0.0,0.0,0.0,0.0
0.0,0.0,0.0,0.0,2.8458266904983307,0.0,0.0,0.0,0.0,0.0,0.0,0.0,0.0,0.0,2.8458266904983307,0.0,0.0,0.0
0.0,0.0,0.0,0.0,0.0,0.0,0.0,0.0,0.0,0.0,0.0,0.0,0.0,0.0,0.0,3.2512917986064953,0.0,0.0
0.0,0.0,0.0,0.0,0.0,0.0,0.0,9.753875395819486,0.0,0.0,0.0,0.0,0.0,0.0,0.0,0.0,0.0,0.0
0.0,0.0,0.0,0.0,0.0,0.0,0.0,0.0,0.0,0.0,0.0,0.0,0.0,3.2512917986064953,0.0,0.0,0.0,0.0
0.0,0.0,0.0,0.0,0.0,2.55814461804655,0.0,0.0,0.0,0.0,0.0,0.0,5.1162892360931,7.67443385413965,0.0,0.0,0.0,0.0
3.2512917986064953,0.0,0.0,0.0,0.0,0.0,0.0,0.0,0.0,0.0,0.0,0.0,0.0,0.0,0.0,0.0,0.0,0.0
1.8649974374866045,1.8649974374866045,0.0,1.8649974374866045,3.729994874973209,3.729994874973209,1.8649974374866045,0.0,0.0,0.0,0.0,0.0,0.0,0.0,0.0,0.0,0.0,1.8649974374866045
0.0,0.0,0.0,4.305359019876771,0.0,0.0,0.0,0.0,0.0,2.1526795099383853,2.1526795099383853,0.0,2.1526795099383853,2.1526795099383853,0.0,0.0,0.0,0.0
0.0,0.0,0.0,0.0,0.0,0.0,0.0,0.0,0.0,0.0,0.0,0.0,0.0,0.0,0.0,0.0,0.0,3.2512917986064953
0.0,0.0,0.0,0.0,0.0,0.0,0.0,6.502583597212991,0.0,0.0,0.0,0.0,0.0,0.0,0.0,0.0,0.0,0.0
0.0,0.0,0.0,4.6700021334646795,0.0,0.0,2.3350010667323398,0.0,0.0,0.0,0.0,0.0,0.0,0.0,0.0,4.6700021334646795,4.6700021334646795,0.0
0.0,2.1526795099383853,2.1526795099383853,0.0,2.1526795099383853,2.1526795099383853,0.0,0.0,2.1526795099383853,0.0,0.0,0.0,0.0,0.0,0.0,0.0,0.0,0.0
3.2512917986064953,0.0,0.0,0.0,0.0,0.0,0.0,0.0,0.0,0.0,0.0,0.0,0.0,0.0,0.0,0.0,0.0,0.0
0.0,0.0,0.0,2.55814461804655,0.0,0.0,0.0,0.0,0.0,0.0,0.0,0.0,0.0,0.0,0.0,2.55814461804655,2.55814461804655,0.0
0.0,0.0,0.0,0.0,0.0,0.0,0.0,0.0,0.0,6.502583597212991,0.0,0.0,0.0,0.0,0.0,0.0,0.0,0.0
0.0,0.0,0.0,0.0,3.2512917986064953,0.0,0.0,0.0,0.0,0.0,0.0,0.0,0.0,0.0,0.0,0.0,0.0,0.0
0.0,0.0,0.0,0.0,0.0,0.0,0.0,6.502583597212991,0.0,0.0,0.0,0.0,0.0,0.0,0.0,0.0,0.0,0.0
0.0,0.0,0.0,0.0,0.0,0.0,0.0,0.0,0.0,3.2512917986064953,0.0,0.0,0.0,0.0,0.0,0.0,0.0,0.0
0.0,0.0,0.0,0.0,2.8458266904983307,0.0,0.0,0.0,0.0,0.0,2.8458266904983307,0.0,0.0,0.0,0.0,0.0,0.0,0.0
2.1526795099383853,2.1526795099383853,0.0,0.0,0.0,0.0,2.1526795099383853,0.0,0.0,0.0,2.1526795099383853,0.0,6.4580385298151555,0.0,0.0,0.0,0.0,0.0
0.0,0.0,0.0,0.0,21.015009600591057,0.0,0.0,9.340004266929359,0.0,0.0,2.3350010667323398,0.0,0.0,2.3350010667323398,0.0,0.0,0.0,0.0
0.0,0.0,0.0,0.0,0.0,0.0,0.0,0.0,0.0,3.2512917986064953,0.0,0.0,0.0,0.0,0.0,0.0,0.0,0.0
0.0,0.0,0.0,0.0,0.0,0.0,0.0,0.0,0.0,6.502583597212991,0.0,0.0,0.0,0.0,0.0,0.0,0.0,0.0
1.9985288301111273,1.9985288301111273,0.0,0.0,0.0,0.0,0.0,0.0,0.0,0.0,1.9985288301111273,21.9838171312224,0.0,1.9985288301111273,1.9985288301111273,0.0,0.0,0.0
0.0,0.0,0.0,0.0,0.0,0.0,0.0,0.0,0.0,0.0,0.0,0.0,0.0,0.0,0.0,2.8458266904983307,2.8458266904983307,0.0
0.0,0.0,0.0,0.0,0.0,0.0,0.0,0.0,0.0,0.0,0.0,0.0,0.0,0.0,0.0,5.691653380996661,8.537480071494992,0.0
0.0,0.0,0.0,0.0,0.0,0.0,0.0,0.0,0.0,0.0,0.0,0.0,0.0,0.0,0.0,0.0,3.2512917986064953,0.0
0.0,0.0,0.0,1.9985288301111273,0.0,1.9985288301111273,0.0,0.0,0.0,1.9985288301111273,0.0,0.0,0.0,1.9985288301111273,0.0,3.9970576602222545,3.9970576602222545,0.0
0.0,3.2512917986064953,0.0,0.0,0.0,0.0,0.0,0.0,0.0,0.0,0.0,0.0,0.0,0.0,0.0,0.0,0.0,0.0
0.0,0.0,0.0,0.0,2.55814461804655,0.0,0.0,2.55814461804655,0.0,0.0,0.0,0.0,0.0,0.0,2.55814461804655,0.0,0.0,0.0
2.1526795099383853,0.0,0.0,0.0,0.0,0.0,2.1526795099383853,0.0,0.0,0.0,0.0,0.0,2.1526795099383853,0.0,0.0,2.1526795099383853,2.1526795099383853,0.0
0.0,0.0,4.305359019876771,0.0,0.0,2.1526795099383853,0.0,0.0,2.1526795099383853,4.305359019876771,0.0,0.0,0.0,2.1526795099383853,0.0,0.0,0.0,0.0
0.0,0.0,0.0,0.0,0.0,0.0,0.0,0.0,0.0,0.0,0.0,0.0,0.0,3.2512917986064953,0.0,0.0,0.0,0.0
0.0,0.0,0.0,0.0,0.0,0.0,0.0,0.0,0.0,0.0,0.0,0.0,0.0,6.502583597212991,0.0,0.0,0.0,0.0
0.0,0.0,0.0,2.8458266904983307,0.0,0.0,0.0,0.0,0.0,0.0,0.0,0.0,2.8458266904983307,0.0,0.0,0.0,0.0,0.0
0.0,0.0,0.0,9.340004266929359,0.0,0.0,0.0,0.0,0.0,0.0,0.0,0.0,0.0,2.3350010667323398,0.0,2.3350010667323398,2.3350010667323398,0.0
0.0,0.0,0.0,0.0,0.0,0.0,0.0,0.0,0.0,0.0,2.8458266904983307,0.0,2.8458266904983307,0.0,0.0,0.0,0.0,0.0
1.9985288301111273,3.9970576602222545,0.0,1.9985288301111273,0.0,0.0,1.9985288301111273,0.0,0.0,0.0,0.0,0.0,0.0,0.0,0.0,1.9985288301111273,1.9985288301111273,0.0
0.0,0.0,0.0,0.0,2.3350010667323398,0.0,0.0,0.0,0.0,0.0,0.0,4.6700021334646795,2.3350010667323398,2.3350010667323398,0.0,0.0,0.0,0.0
0.0,0.0,0.0,0.0,0.0,3.2512917986064953,0.0,0.0,0.0,0.0,0.0,0.0,0.0,0.0,0.0,0.0,0.0,0.0
0.0,0.0,0.0,0.0,0.0,0.0,0.0,0.0,0.0,0.0,0.0,6.502583597212991,0.0,0.0,0.0,0.0,0.0,0.0
0.0,0.0,0.0,3.2512917986064953,0.0,0.0,0.0,0.0,0.0,0.0,0.0,0.0,0.0,0.0,0.0,0.0,0.0,0.0
0.0,0.0,2.55814461804655,0.0,0.0,0.0,0.0,0.0,0.0,0.0,0.0,2.55814461804655,0.0,0.0,0.0,0.0,0.0,2.55814461804655
0.0,0.0,0.0,2.8458266904983307,0.0,2.8458266904983307,0.0,0.0,0.0,0.0,0.0,0.0,0.0,0.0,0.0,0.0,0.0,0.0
0.0,0.0,0.0,0.0,0.0,0.0,0.0,0.0,0.0,0.0,0.0,0.0,3.2512917986064953,0.0,0.0,0.0,0.0,0.0
0.0,0.0,0.0,0.0,0.0,0.0,0.0,0.0,0.0,0.0,0.0,0.0,0.0,0.0,0.0,0.0,0.0,3.2512917986064953
0.0,0.0,0.0,0.0,0.0,0.0,0.0,0.0,0.0,0.0,0.0,0.0,0.0,0.0,6.502583597212991,0.0,0.0,0.0
0.0,0.0,0.0,0.0,0.0,0.0,0.0,0.0,0.0,0.0,0.0,0.0,3.2512917986064953,0.0,0.0,0.0,0.0,0.0
0.0,0.0,0.0,0.0,0.0,0.0,0.0,0.0,0.0,0.0,0.0,0.0,0.0,0.0,0.0,0.0,0.0,3.2512917986064953
0.0,0.0,3.2512917986064953,0.0,0.0,0.0,0.0,0.0,0.0,0.0,0.0,0.0,0.0,0.0,0.0,0.0,0.0,0.0
0.0,3.2512917986064953,0.0,0.0,0.0,0.0,0.0,0.0,0.0,0.0,0.0,0.0,0.0,0.0,0.0,0.0,0.0,0.0
0.0,0.0,0.0,0.0,0.0,0.0,0.0,0.0,0.0,0.0,0.0,0.0,0.0,0.0,13.005167194425981,0.0,0.0,0.0
0.0,0.0,0.0,0.0,6.502583597212991,0.0,0.0,0.0,0.0,0.0,0.0,0.0,0.0,0.0,0.0,0.0,0.0,0.0
0.0,0.0,0.0,0.0,0.0,0.0,0.0,0.0,0.0,0.0,0.0,0.0,0.0,3.2512917986064953,0.0,0.0,0.0,0.0
2.55814461804655,0.0,0.0,0.0,2.55814461804655,0.0,0.0,0.0,0.0,0.0,0.0,0.0,0.0,2.55814461804655,0.0,0.0,0.0,0.0
0.0,0.0,0.0,0.0,0.0,0.0,0.0,0.0,0.0,0.0,0.0,0.0,0.0,0.0,0.0,2.8458266904983307,5.691653380996661,0.0
0.0,0.0,0.0,0.0,3.2512917986064953,0.0,0.0,0.0,0.0,0.0,0.0,0.0,0.0,0.0,0.0,0.0,0.0,0.0
0.0,0.0,0.0,3.2512917986064953,0.0,0.0,0.0,0.0,0.0,0.0,0.0,0.0,0.0,0.0,0.0,0.0,0.0,0.0
0.0,0.0,0.0,0.0,0.0,0.0,0.0,0.0,0.0,0.0,0.0,0.0,0.0,0.0,3.2512917986064953,0.0,0.0,0.0
0.0,0.0,0.0,0.0,0.0,0.0,0.0,0.0,0.0,0.0,0.0,0.0,0.0,0.0,3.2512917986064953,0.0,0.0,0.0
2.1526795099383853,0.0,0.0,0.0,0.0,0.0,2.1526795099383853,0.0,0.0,0.0,2.1526795099383853,0.0,0.0,0.0,0.0,2.1526795099383853,4.305359019876771,0.0
0.0,0.0,0.0,0.0,0.0,3.2512917986064953,0.0,0.0,0.0,0.0,0.0,0.0,0.0,0.0,0.0,0.0,0.0,0.0
2.472777556128461,1.2363887780642304,1.2363887780642304,0.0,1.2363887780642304,3.709166334192691,2.472777556128461,3.709166334192691,0.0,2.472777556128461,1.2363887780642304,1.2363887780642304,0.0,8.654721446449614,1.2363887780642304,4.945555112256922,2.472777556128461,0.0
3.2512917986064953,0.0,0.0,0.0,0.0,0.0,0.0,0.0,0.0,0.0,0.0,0.0,0.0,0.0,0.0,0.0,0.0,0.0
0.0,2.3350010667323398,0.0,0.0,0.0,0.0,0.0,0.0,0.0,0.0,0.0,2.3350010667323398,21.015009600591057,0.0,2.3350010667323398,0.0,0.0,0.0
0.0,0.0,0.0,0.0,0.0,0.0,0.0,0.0,0.0,0.0,0.0,0.0,0.0,0.0,0.0,6.502583597212991,0.0,0.0
0.0,0.0,0.0,0.0,0.0,0.0,0.0,0.0,0.0,0.0,0.0,0.0,0.0,0.0,0.0,0.0,0.0,6.502583597212991
0.0,0.0,0.0,0.0,0.0,0.0,0.0,0.0,0.0,0.0,0.0,0.0,0.0,0.0,3.2512917986064953,0.0,0.0,0.0
0.0,0.0,0.0,0.0,2.8458266904983307,0.0,0.0,2.8458266904983307,0.0,0.0,0.0,0.0,0.0,0.0,0.0,0.0,0.0,0.0
0.0,0.0,0.0,0.0,5.1162892360931,0.0,0.0,0.0,0.0,0.0,0.0,0.0,2.55814461804655,0.0,2.55814461804655,0.0,0.0,0.0
3.2512917986064953,0.0,0.0,0.0,0.0,0.0,0.0,0.0,0.0,0.0,0.0,0.0,0.0,0.0,0.0,0.0,0.0,0.0
0.0,0.0,0.0,0.0,0.0,0.0,0.0,0.0,2.8458266904983307,0.0,0.0,0.0,5.691653380996661,0.0,0.0,0.0,0.0,0.0
0.0,0.0,0.0,0.0,0.0,0.0,0.0,0.0,0.0,0.0,2.8458266904983307,0.0,0.0,0.0,0.0,2.8458266904983307,0.0,0.0
0.0,0.0,0.0,0.0,15.3488677082793,0.0,0.0,2.55814461804655,0.0,0.0,2.55814461804655,0.0,0.0,0.0,0.0,0.0,0.0,0.0
0.0,0.0,0.0,0.0,6.502583597212991,0.0,0.0,0.0,0.0,0.0,0.0,0.0,0.0,0.0,0.0,0.0,0.0,0.0
0.0,0.0,0.0,3.2512917986064953,0.0,0.0,0.0,0.0,0.0,0.0,0.0,0.0,0.0,0.0,0.0,0.0,0.0,0.0
0.0,0.0,0.0,0.0,0.0,5.1162892360931,0.0,0.0,0.0,5.1162892360931,0.0,0.0,0.0,7.67443385413965,0.0,0.0,0.0,0.0
0.0,3.2512917986064953,0.0,0.0,0.0,0.0,0.0,0.0,0.0,0.0,0.0,0.0,0.0,0.0,0.0,0.0,0.0,0.0
0.0,0.0,0.0,0.0,0.0,3.2512917986064953,0.0,0.0,0.0,0.0,0.0,0.0,0.0,0.0,0.0,0.0,0.0,0.0
0.0,0.0,0.0,0.0,0.0,0.0,1.7472144018302211,1.7472144018302211,1.7472144018302211,0.0,0.0,1.7472144018302211,0.0,1.7472144018302211,1.7472144018302211,1.7472144018302211,0.0,1.7472144018302211
0.0,0.0,2.3350010667323398,0.0,0.0,0.0,0.0,0.0,0.0,0.0,0.0,0.0,0.0,0.0,0.0,2.3350010667323398,2.3350010667323398,2.3350010667323398
0.0,2.8458266904983307,0.0,0.0,0.0,0.0,2.8458266904983307,0.0,0.0,0.0,0.0,0.0,0.0,0.0,0.0,0.0,0.0,0.0
0.0,0.0,0.0,0.0,0.0,0.0,0.0,0.0,0.0,0.0,0.0,0.0,0.0,3.2512917986064953,0.0,0.0,0.0,0.0
0.0,0.0,0.0,0.0,0.0,0.0,0.0,0.0,0.0,0.0,0.0,0.0,0.0,0.0,5.1162892360931,2.55814461804655,2.55814461804655,0.0
0.0,0.0,0.0,0.0,0.0,0.0,0.0,0.0,0.0,0.0,0.0,9.753875395819486,0.0,0.0,0.0,0.0,0.0,0.0
0.0,3.2512917986064953,0.0,0.0,0.0,0.0,0.0,0.0,0.0,0.0,0.0,0.0,0.0,0.0,0.0,0.0,0.0,0.0
0.0,0.0,0.0,0.0,0.0,0.0,0.0,0.0,0.0,2.8458266904983307,0.0,0.0,0.0,5.691653380996661,0.0,0.0,0.0,0.0
0.0,0.0,3.2512917986064953,0.0,0.0,0.0,0.0,0.0,0.0,0.0,0.0,0.0,0.0,0.0,0.0,0.0,0.0,0.0
0.0,0.0,0.0,0.0,0.0,0.0,0.0,0.0,0.0,0.0,0.0,0.0,3.2512917986064953,0.0,0.0,0.0,0.0,0.0
0.0,0.0,0.0,0.0,0.0,0.0,3.2512917986064953,0.0,0.0,0.0,0.0,0.0,0.0,0.0,0.0,0.0,0.0,0.0
0.0,0.0,0.0,0.0,0.0,3.2512917986064953,0.0,0.0,0.0,0.0,0.0,0.0,0.0,0.0,0.0,0.0,0.0,0.0
3.2512917986064953,0.0,0.0,0.0,0.0,0.0,0.0,0.0,0.0,0.0,0.0,0.0,0.0,0.0,0.0,0.0,0.0,0.0
0.0,0.0,0.0,0.0,0.0,0.0,0.0,6.502583597212991,0.0,0.0,0.0,0.0,0.0,0.0,0.0,0.0,0.0,0.0
0.0,0.0,0.0,0.0,0.0,0.0,0.0,0.0,0.0,0.0,6.502583597212991,0.0,0.0,0.0,0.0,0.0,0.0,0.0
0.0,0.0,6.502583597212991,0.0,0.0,0.0,0.0,0.0,0.0,0.0,0.0,0.0,0.0,0.0,0.0,0.0,0.0,0.0
0.0,2.55814461804655,0.0,0.0,0.0,0.0,0.0,0.0,0.0,0.0,0.0,0.0,0.0,0.0,0.0,2.55814461804655,2.55814461804655,0.0
0.0,2.55814461804655,0.0,0.0,0.0,0.0,0.0,0.0,0.0,0.0,0.0,0.0,0.0,0.0,0.0,2.55814461804655,5.1162892360931,0.0
0.0,0.0,0.0,0.0,0.0,3.2512917986064953,0.0,0.0,0.0,0.0,0.0,0.0,0.0,0.0,0.0,0.0,0.0,0.0
0.0,0.0,0.0,0.0,0.0,0.0,0.0,0.0,0.0,0.0,0.0,0.0,0.0,0.0,0.0,0.0,0.0,32.512917986064956
0.0,0.0,0.0,0.0,0.0,0.0,0.0,3.2512917986064953,0.0,0.0,0.0,0.0,0.0,0.0,0.0,0.0,0.0,0.0
0.0,0.0,0.0,0.0,0.0,0.0,0.0,0.0,0.0,0.0,0.0,0.0,0.0,0.0,0.0,3.2512917986064953,0.0,0.0
1.7472144018302211,1.7472144018302211,0.0,1.7472144018302211,0.0,0.0,1.7472144018302211,0.0,0.0,0.0,1.7472144018302211,0.0,0.0,1.7472144018302211,0.0,1.7472144018302211,1.7472144018302211,0.0
0.0,0.0,1.4595323293784401,1.4595323293784401,4.37859698813532,4.37859698813532,0.0,2.9190646587568803,0.0,2.9190646587568803,0.0,2.9190646587568803,0.0,8.75719397627064,2.9190646587568803,2.9190646587568803,1.4595323293784401,0.0
0.0,0.0,0.0,0.0,0.0,0.0,0.0,0.0,0.0,0.0,0.0,0.0,0.0,3.2512917986064953,0.0,0.0,0.0,0.0
0.0,0.0,3.2512917986064953,0.0,0.0,0.0,0.0,0.0,0.0,0.0,0.0,0.0,0.0,0.0,0.0,0.0,0.0,0.0
0.0,0.0,0.0,0.0,0.0,0.0,0.0,0.0,0.0,0.0,0.0,0.0,0.0,0.0,3.2512917986064953,0.0,0.0,0.0
0.0,0.0,2.8458266904983307,0.0,0.0,0.0,2.8458266904983307,0.0,0.0,0.0,0.0,0.0,0.0,0.0,0.0,0.0,0.0,0.0
0.0,0.0,0.0,0.0,0.0,0.0,3.2512917986064953,0.0,0.0,0.0,0.0,0.0,0.0,0.0,0.0,0.0,0.0,0.0
2.3350010667323398,2.3350010667323398,0.0,2.3350010667323398,0.0,0.0,4.6700021334646795,0.0,0.0,0.0,0.0,0.0,0.0,0.0,0.0,0.0,0.0,0.0
0.0,0.0,0.0,0.0,0.0,0.0,0.0,0.0,0.0,0.0,0.0,0.0,3.2512917986064953,0.0,0.0,0.0,0.0,0.0
0.0,1.7472144018302211,0.0,0.0,0.0,0.0,1.7472144018302211,0.0,0.0,0.0,3.4944288036604423,1.7472144018302211,0.0,0.0,1.7472144018302211,3.4944288036604423,3.4944288036604423,3.4944288036604423
0.0,0.0,0.0,0.0,0.0,3.2512917986064953,0.0,0.0,0.0,0.0,0.0,0.0,0.0,0.0,0.0,0.0,0.0,0.0
0.0,2.55814461804655,2.55814461804655,0.0,0.0,0.0,2.55814461804655,0.0,0.0,0.0,0.0,0.0,0.0,0.0,0.0,0.0,0.0,0.0
0.0,0.0,0.0,0.0,0.0,2.1526795099383853,0.0,0.0,0.0,2.1526795099383853,0.0,2.1526795099383853,2.1526795099383853,0.0,2.1526795099383853,0.0,0.0,0.0
0.0,0.0,0.0,0.0,0.0,0.0,0.0,0.0,0.0,0.0,0.0,0.0,0.0,3.2512917986064953,0.0,0.0,0.0,0.0
0.0,0.0,0.0,0.0,0.0,0.0,0.0,0.0,0.0,0.0,0.0,0.0,0.0,0.0,0.0,0.0,0.0,3.2512917986064953
0.0,0.0,0.0,0.0,0.0,0.0,0.0,3.2512917986064953,0.0,0.0,0.0,0.0,0.0,0.0,0.0,0.0,0.0,0.0
0.0,0.0,0.0,0.0,0.0,2.8458266904983307,0.0,0.0,0.0,0.0,0.0,2.8458266904983307,0.0,0.0,0.0,0.0,0.0,0.0
0.0,0.0,0.0,0.0,0.0,0.0,0.0,0.0,0.0,0.0,0.0,0.0,0.0,0.0,0.0,2.8458266904983307,2.8458266904983307,0.0
0.0,0.0,0.0,0.0,0.0,0.0,0.0,0.0,0.0,0.0,0.0,0.0,0.0,3.2512917986064953,0.0,0.0,0.0,0.0
0.0,0.0,0.0,3.2512917986064953,0.0,0.0,0.0,0.0,0.0,0.0,0.0,0.0,0.0,0.0,0.0,0.0,0.0,0.0
0.0,3.2512917986064953,0.0,0.0,0.0,0.0,0.0,0.0,0.0,0.0,0.0,0.0,0.0,0.0,0.0,0.0,0.0,0.0
0.0,0.0,0.0,0.0,0.0,0.0,0.0,0.0,0.0,0.0,0.0,0.0,0.0,0.0,0.0,3.2512917986064953,0.0,0.0
0.0,0.0,0.0,0.0,0.0,0.0,0.0,0.0,0.0,0.0,0.0,0.0,0.0,0.0,0.0,0.0,0.0,6.502583597212991
0.0,0.0,0.0,0.0,0.0,0.0,0.0,0.0,0.0,0.0,0.0,3.2512917986064953,0.0,0.0,0.0,0.0,0.0,0.0
0.0,0.0,0.0,0.0,0.0,0.0,0.0,0.0,0.0,0.0,0.0,0.0,0.0,0.0,0.0,0.0,0.0,3.2512917986064953
0.0,0.0,0.0,0.0,0.0,0.0,0.0,0.0,0.0,0.0,0.0,0.0,0.0,0.0,3.2512917986064953,0.0,0.0,0.0
0.0,0.0,3.2512917986064953,0.0,0.0,0.0,0.0,0.0,0.0,0.0,0.0,0.0,0.0,0.0,0.0,0.0,0.0,0.0
0.0,0.0,0.0,0.0,0.0,0.0,0.0,0.0,0.0,0.0,0.0,0.0,0.0,0.0,3.2512917986064953,0.0,0.0,0.0
0.0,0.0,0.0,0.0,0.0,3.2512917986064953,0.0,0.0,0.0,0.0,0.0,0.0,0.0,0.0,0.0,0.0,0.0,0.0
0.0,0.0,0.0,0.0,3.2512917986064953,0.0,0.0,0.0,0.0,0.0,0.0,0.0,0.0,0.0,0.0,0.0,0.0,0.0
0.0,0.0,0.0,0.0,0.0,0.0,0.0,0.0,0.0,0.0,0.0,0.0,0.0,3.2512917986064953,0.0,0.0,0.0,0.0
0.0,0.0,0.0,0.0,0.0,0.0,0.0,0.0,0.0,0.0,0.0,0.0,0.0,0.0,0.0,0.0,0.0,3.2512917986064953
0.0,0.0,0.0,0.0,0.0,0.0,0.0,0.0,0.0,0.0,0.0,0.0,0.0,0.0,5.1162892360931,5.1162892360931,5.1162892360931,0.0
0.0,0.0,0.0,0.0,0.0,0.0,0.0,0.0,0.0,0.0,3.2512917986064953,0.0,0.0,0.0,0.0,0.0,0.0,0.0
0.0,0.0,0.0,5.691653380996661,0.0,0.0,0.0,0.0,0.0,0.0,0.0,0.0,0.0,0.0,0.0,0.0,0.0,2.8458266904983307
0.0,0.0,0.0,0.0,0.0,0.0,0.0,0.0,0.0,0.0,0.0,0.0,0.0,0.0,3.2512917986064953,0.0,0.0,0.0
0.0,0.0,0.0,0.0,0.0,0.0,3.2512917986064953,0.0,0.0,0.0,0.0,0.0,0.0,0.0,0.0,0.0,0.0,0.0
0.0,0.0,0.0,0.0,0.0,0.0,0.0,0.0,0.0,0.0,3.2512917986064953,0.0,0.0,0.0,0.0,0.0,0.0,0.0
0.0,0.0,5.1162892360931,2.55814461804655,15.3488677082793,0.0,0.0,0.0,0.0,0.0,0.0,0.0,0.0,0.0,0.0,0.0,0.0,0.0
0.0,0.0,0.0,0.0,0.0,0.0,0.0,0.0,0.0,0.0,0.0,0.0,0.0,0.0,0.0,0.0,0.0,3.2512917986064953
0.0,0.0,0.0,3.2512917986064953,0.0,0.0,0.0,0.0,0.0,0.0,0.0,0.0,0.0,0.0,0.0,0.0,0.0,0.0
0.0,0.0,0.0,0.0,0.0,0.0,0.0,0.0,0.0,0.0,0.0,3.2512917986064953,0.0,0.0,0.0,0.0,0.0,0.0
0.0,0.0,0.0,0.0,0.0,0.0,0.0,0.0,0.0,0.0,0.0,0.0,0.0,0.0,0.0,0.0,0.0,16.256458993032478
0.0,0.0,0.0,0.0,3.2512917986064953,0.0,0.0,0.0,0.0,0.0,0.0,0.0,0.0,0.0,0.0,0.0,0.0,0.0
0.0,0.0,0.0,0.0,0.0,0.0,0.0,3.2512917986064953,0.0,0.0,0.0,0.0,0.0,0.0,0.0,0.0,0.0,0.0
0.0,0.0,0.0,0.0,0.0,0.0,0.0,0.0,0.0,0.0,0.0,0.0,0.0,3.2512917986064953,0.0,0.0,0.0,0.0
0.0,3.2512917986064953,0.0,0.0,0.0,0.0,0.0,0.0,0.0,0.0,0.0,0.0,0.0,0.0,0.0,0.0,0.0,0.0
0.0,3.2512917986064953,0.0,0.0,0.0,0.0,0.0,0.0,0.0,0.0,0.0,0.0,0.0,0.0,0.0,0.0,0.0,0.0
0.0,0.0,0.0,0.0,0.0,3.2512917986064953,0.0,0.0,0.0,0.0,0.0,0.0,0.0,0.0,0.0,0.0,0.0,0.0
0.0,0.0,0.0,0.0,3.2512917986064953,0.0,0.0,0.0,0.0,0.0,0.0,0.0,0.0,0.0,0.0,0.0,0.0,0.0
0.0,0.0,0.0,0.0,3.2512917986064953,0.0,0.0,0.0,0.0,0.0,0.0,0.0,0.0,0.0,0.0,0.0,0.0,0.0
0.0,0.0,0.0,0.0,0.0,0.0,0.0,0.0,0.0,0.0,0.0,0.0,0.0,2.55814461804655,0.0,2.55814461804655,2.55814461804655,0.0
0.0,0.0,0.0,0.0,0.0,0.0,0.0,0.0,0.0,0.0,0.0,0.0,0.0,3.2512917986064953,0.0,0.0,0.0,0.0
7.459989749946418,1.8649974374866045,0.0,1.8649974374866045,0.0,0.0,3.729994874973209,0.0,0.0,0.0,7.459989749946418,1.8649974374866045,0.0,0.0,1.8649974374866045,0.0,0.0,0.0
0.0,0.0,0.0,0.0,0.0,0.0,0.0,0.0,0.0,0.0,0.0,0.0,0.0,0.0,0.0,0.0,0.0,3.2512917986064953
0.0,0.0,0.0,0.0,0.0,2.55814461804655,0.0,0.0,0.0,0.0,2.55814461804655,0.0,0.0,5.1162892360931,0.0,0.0,0.0,0.0
0.0,0.0,0.0,0.0,0.0,0.0,0.0,2.8458266904983307,0.0,0.0,0.0,0.0,0.0,0.0,0.0,0.0,0.0,2.8458266904983307
0.0,0.0,0.0,0.0,3.2512917986064953,0.0,0.0,0.0,0.0,0.0,0.0,0.0,0.0,0.0,0.0,0.0,0.0,0.0
0.0,0.0,2.55814461804655,2.55814461804655,0.0,0.0,0.0,2.55814461804655,0.0,0.0,0.0,0.0,0.0,0.0,0.0,0.0,0.0,0.0
0.0,0.0,0.0,0.0,0.0,0.0,0.0,0.0,0.0,0.0,0.0,0.0,0.0,3.2512917986064953,0.0,0.0,0.0,0.0
0.0,0.0,0.0,0.0,0.0,0.0,0.0,0.0,0.0,0.0,3.2512917986064953,0.0,0.0,0.0,0.0,0.0,0.0,0.0
0.0,3.2512917986064953,0.0,0.0,0.0,0.0,0.0,0.0,0.0,0.0,0.0,0.0,0.0,0.0,0.0,0.0,0.0,0.0
6.4580385298151555,0.0,2.1526795099383853,0.0,0.0,0.0,0.0,0.0,0.0,0.0,2.1526795099383853,0.0,0.0,0.0,0.0,2.1526795099383853,2.1526795099383853,0.0
0.0,3.2512917986064953,0.0,0.0,0.0,0.0,0.0,0.0,0.0,0.0,0.0,0.0,0.0,0.0,0.0,0.0,0.0,0.0
0.0,0.0,0.0,0.0,0.0,0.0,0.0,0.0,0.0,0.0,0.0,0.0,3.2512917986064953,0.0,0.0,0.0,0.0,0.0
0.0,0.0,0.0,0.0,2.55814461804655,0.0,0.0,0.0,0.0,0.0,0.0,0.0,0.0,2.55814461804655,2.55814461804655,0.0,0.0,0.0
0.0,0.0,0.0,0.0,0.0,2.8458266904983307,28.458266904983308,0.0,0.0,0.0,0.0,0.0,0.0,0.0,0.0,0.0,0.0,0.0
0.0,0.0,0.0,0.0,0.0,0.0,2.8458266904983307,0.0,2.8458266904983307,0.0,0.0,0.0,0.0,0.0,0.0,0.0,0.0,0.0
0.0,0.0,0.0,0.0,0.0,0.0,0.0,0.0,0.0,0.0,0.0,2.55814461804655,0.0,0.0,2.55814461804655,0.0,2.55814461804655,0.0
0.0,0.0,0.0,0.0,0.0,0.0,0.0,0.0,0.0,0.0,0.0,0.0,0.0,0.0,3.2512917986064953,0.0,0.0,0.0
0.0,0.0,0.0,0.0,0.0,0.0,0.0,6.502583597212991,0.0,0.0,0.0,0.0,0.0,0.0,0.0,0.0,0.0,0.0
0.0,0.0,0.0,0.0,0.0,0.0,0.0,0.0,0.0,0.0,0.0,0.0,6.502583597212991,0.0,0.0,0.0,0.0,0.0
0.0,0.0,0.0,0.0,0.0,0.0,0.0,0.0,0.0,0.0,3.2512917986064953,0.0,0.0,0.0,0.0,0.0,0.0,0.0
0.0,3.729994874973209,0.0,1.8649974374866045,1.8649974374866045,0.0,0.0,0.0,0.0,0.0,1.8649974374866045,0.0,1.8649974374866045,0.0,0.0,1.8649974374866045,1.8649974374866045,0.0
0.0,0.0,0.0,3.2512917986064953,0.0,0.0,0.0,0.0,0.0,0.0,0.0,0.0,0.0,0.0,0.0,0.0,0.0,0.0
0.0,0.0,0.0,0.0,0.0,0.0,2.8458266904983307,0.0,0.0,0.0,0.0,0.0,0.0,0.0,0.0,2.8458266904983307,0.0,0.0
3.2512917986064953,0.0,0.0,0.0,0.0,0.0,0.0,0.0,0.0,0.0,0.0,0.0,0.0,0.0,0.0,0.0,0.0,0.0
0.0,5.691653380996661,0.0,0.0,0.0,0.0,0.0,2.8458266904983307,0.0,0.0,0.0,0.0,0.0,0.0,0.0,0.0,0.0,0.0
1.8649974374866045,1.8649974374866045,0.0,0.0,0.0,1.8649974374866045,0.0,3.729994874973209,1.8649974374866045,1.8649974374866045,0.0,0.0,0.0,3.729994874973209,0.0,0.0,0.0,0.0
0.0,0.0,0.0,0.0,0.0,0.0,0.0,0.0,0.0,0.0,0.0,3.2512917986064953,0.0,0.0,0.0,0.0,0.0,0.0
0.0,0.0,0.0,0.0,0.0,0.0,0.0,0.0,0.0,0.0,0.0,0.0,0.0,3.2512917986064953,0.0,0.0,0.0,0.0
0.0,0.0,0.0,0.0,0.0,0.0,0.0,0.0,0.0,0.0,2.8458266904983307,0.0,2.8458266904983307,0.0,0.0,0.0,0.0,0.0
0.0,0.0,0.0,2.8458266904983307,0.0,2.8458266904983307,0.0,0.0,0.0,0.0,0.0,0.0,0.0,0.0,0.0,0.0,0.0,0.0
0.0,0.0,0.0,0.0,0.0,0.0,3.2512917986064953,0.0,0.0,0.0,0.0,0.0,0.0,0.0,0.0,0.0,0.0,0.0
0.0,3.2512917986064953,0.0,0.0,0.0,0.0,0.0,0.0,0.0,0.0,0.0,0.0,0.0,0.0,0.0,0.0,0.0,0.0
0.0,0.0,0.0,0.0,0.0,0.0,0.0,0.0,0.0,0.0,3.2512917986064953,0.0,0.0,0.0,0.0,0.0,0.0,0.0
0.0,0.0,0.0,0.0,2.1526795099383853,0.0,0.0,2.1526795099383853,0.0,0.0,0.0,0.0,0.0,0.0,0.0,4.305359019876771,2.1526795099383853,2.1526795099383853
0.0,0.0,0.0,0.0,0.0,0.0,0.0,0.0,0.0,0.0,0.0,0.0,3.2512917986064953,0.0,0.0,0.0,0.0,0.0
0.0,0.0,0.0,0.0,0.0,0.0,0.0,0.0,0.0,0.0,0.0,0.0,3.2512917986064953,0.0,0.0,0.0,0.0,0.0
0.0,2.55814461804655,2.55814461804655,5.1162892360931,0.0,0.0,0.0,0.0,0.0,0.0,0.0,0.0,0.0,0.0,0.0,0.0,0.0,0.0
0.0,2.3350010667323398,0.0,0.0,0.0,0.0,0.0,0.0,0.0,0.0,0.0,7.005003200197019,0.0,2.3350010667323398,0.0,0.0,0.0,2.3350010667323398
0.0,2.3350010667323398,0.0,0.0,0.0,2.3350010667323398,0.0,9.340004266929359,0.0,0.0,0.0,0.0,0.0,4.6700021334646795,0.0,0.0,0.0,0.0
0.0,0.0,0.0,0.0,0.0,0.0,0.0,0.0,0.0,3.2512917986064953,0.0,0.0,0.0,0.0,0.0,0.0,0.0,0.0
0.0,0.0,0.0,0.0,0.0,0.0,0.0,0.0,0.0,3.2512917986064953,0.0,0.0,0.0,0.0,0.0,0.0,0.0,0.0
0.0,0.0,0.0,0.0,0.0,0.0,0.0,0.0,0.0,0.0,0.0,0.0,0.0,0.0,0.0,0.0,0.0,3.2512917986064953
0.0,0.0,0.0,0.0,0.0,0.0,0.0,0.0,0.0,0.0,0.0,0.0,3.2512917986064953,0.0,0.0,0.0,0.0,0.0
0.0,0.0,1.9985288301111273,0.0,0.0,5.995586490333382,0.0,0.0,3.9970576602222545,9.992644150555636,0.0,3.9970576602222545,0.0,3.9970576602222545,0.0,0.0,0.0,0.0
0.0,2.8458266904983307,0.0,0.0,0.0,0.0,0.0,0.0,2.8458266904983307,0.0,0.0,0.0,0.0,0.0,0.0,0.0,0.0,0.0
3.2512917986064953,0.0,0.0,0.0,0.0,0.0,0.0,0.0,0.0,0.0,0.0,0.0,0.0,0.0,0.0,0.0,0.0,0.0
0.0,0.0,0.0,0.0,0.0,0.0,0.0,0.0,0.0,0.0,0.0,3.2512917986064953,0.0,0.0,0.0,0.0,0.0,0.0
0.0,0.0,0.0,0.0,0.0,0.0,3.2512917986064953,0.0,0.0,0.0,0.0,0.0,0.0,0.0,0.0,0.0,0.0,0.0
0.0,0.0,0.0,0.0,0.0,2.8458266904983307,0.0,0.0,0.0,0.0,0.0,0.0,0.0,2.8458266904983307,0.0,0.0,0.0,0.0
0.0,0.0,0.0,0.0,2.8458266904983307,0.0,0.0,0.0,0.0,0.0,0.0,0.0,0.0,0.0,0.0,2.8458266904983307,0.0,0.0
0.0,0.0,2.3350010667323398,2.3350010667323398,0.0,0.0,0.0,0.0,0.0,0.0,0.0,0.0,0.0,0.0,0.0,2.3350010667323398,4.6700021334646795,0.0
0.0,0.0,0.0,0.0,0.0,0.0,0.0,0.0,0.0,3.2512917986064953,0.0,0.0,0.0,0.0,0.0,0.0,0.0,0.0
0.0,0.0,0.0,0.0,0.0,0.0,0.0,0.0,0.0,0.0,0.0,0.0,0.0,0.0,0.0,0.0,0.0,3.2512917986064953
2.8458266904983307,0.0,0.0,0.0,0.0,0.0,0.0,0.0,0.0,0.0,0.0,0.0,0.0,0.0,5.691653380996661,0.0,0.0,0.0
5.859251284633295,3.5155507707799774,1.1718502569266591,0.0,1.1718502569266591,3.5155507707799774,4.6874010277066365,2.3437005138533182,0.0,2.3437005138533182,2.3437005138533182,5.859251284633295,2.3437005138533182,10.546652312339932,3.5155507707799774,4.6874010277066365,2.3437005138533182,0.0
0.0,0.0,0.0,0.0,0.0,0.0,0.0,0.0,0.0,0.0,0.0,0.0,0.0,0.0,19.507750791638973,0.0,0.0,0.0
0.0,0.0,0.0,0.0,0.0,2.1526795099383853,2.1526795099383853,0.0,0.0,4.305359019876771,0.0,2.1526795099383853,0.0,17.221436079507082,0.0,0.0,0.0,0.0
0.0,0.0,0.0,0.0,3.2512917986064953,0.0,0.0,0.0,0.0,0.0,0.0,0.0,0.0,0.0,0.0,0.0,0.0,0.0
0.0,0.0,0.0,0.0,0.0,0.0,0.0,0.0,0.0,0.0,0.0,0.0,0.0,3.2512917986064953,0.0,0.0,0.0,0.0
0.0,0.0,0.0,0.0,0.0,0.0,0.0,0.0,0.0,0.0,3.2512917986064953,0.0,0.0,0.0,0.0,0.0,0.0,0.0
0.0,0.0,0.0,5.1162892360931,0.0,7.67443385413965,0.0,0.0,0.0,0.0,0.0,0.0,0.0,0.0,0.0,0.0,2.55814461804655,0.0
0.0,0.0,0.0,0.0,0.0,0.0,0.0,0.0,0.0,0.0,0.0,6.502583597212991,0.0,0.0,0.0,0.0,0.0,0.0
0.0,0.0,0.0,0.0,3.2512917986064953,0.0,0.0,0.0,0.0,0.0,0.0,0.0,0.0,0.0,0.0,0.0,0.0,0.0
0.0,0.0,0.0,0.0,0.0,0.0,0.0,0.0,0.0,0.0,0.0,0.0,35.76420978467145,0.0,0.0,0.0,0.0,0.0
0.0,0.0,0.0,0.0,0.0,0.0,0.0,0.0,0.0,0.0,0.0,0.0,0.0,0.0,3.2512917986064953,0.0,0.0,0.0
0.0,0.0,0.0,0.0,15.3488677082793,0.0,0.0,10.2325784721862,0.0,0.0,0.0,0.0,0.0,5.1162892360931,0.0,0.0,0.0,0.0
0.0,0.0,0.0,0.0,0.0,0.0,6.502583597212991,0.0,0.0,0.0,0.0,0.0,0.0,0.0,0.0,0.0,0.0,0.0
35.814024652651696,0.0,0.0,0.0,0.0,0.0,2.55814461804655,0.0,0.0,0.0,25.5814461804655,0.0,0.0,0.0,0.0,0.0,0.0,0.0
2.3437005138533182,5.859251284633295,2.3437005138533182,3.5155507707799774,3.5155507707799774,0.0,2.3437005138533182,8.202951798486614,0.0,0.0,7.031101541559955,1.1718502569266591,4.6874010277066365,3.5155507707799774,4.6874010277066365,16.40590359697323,15.234053340046568,2.3437005138533182
0.0,0.0,0.0,0.0,0.0,0.0,0.0,0.0,0.0,0.0,0.0,0.0,0.0,3.2512917986064953,0.0,0.0,0.0,0.0
0.0,0.0,0.0,0.0,0.0,0.0,0.0,3.2512917986064953,0.0,0.0,0.0,0.0,0.0,0.0,0.0,0.0,0.0,0.0
0.0,0.0,0.0,0.0,0.0,0.0,0.0,3.2512917986064953,0.0,0.0,0.0,0.0,0.0,0.0,0.0,0.0,0.0,0.0
0.0,0.0,0.0,0.0,0.0,0.0,0.0,13.005167194425981,0.0,0.0,0.0,0.0,0.0,0.0,0.0,0.0,0.0,0.0
1.0,1.0,5.0,1.0,6.0,3.0,2.0,1.0,2.0,2.0,1.0,3.0,1.0,5.0,1.0,2.0,2.0,2.0
1.7472144018302211,1.7472144018302211,0.0,0.0,0.0,0.0,0.0,1.7472144018302211,0.0,0.0,0.0,3.4944288036604423,1.7472144018302211,1.7472144018302211,0.0,1.7472144018302211,1.7472144018302211,0.0
6.667353810661346,5.556128175551121,3.333676905330673,1.1112256351102243,10.00103071599202,10.00103071599202,5.556128175551121,2.2224512702204486,0.0,3.333676905330673,5.556128175551121,3.333676905330673,1.1112256351102243,5.556128175551121,11.112256351102243,2.2224512702204486,3.333676905330673,0.0
0.0,0.0,0.0,0.0,0.0,0.0,0.0,0.0,0.0,0.0,0.0,0.0,0.0,0.0,0.0,0.0,0.0,3.2512917986064953
0.0,0.0,0.0,2.3350010667323398,0.0,0.0,2.3350010667323398,0.0,0.0,0.0,0.0,2.3350010667323398,2.3350010667323398,0.0,0.0,0.0,0.0,0.0
0.0,0.0,0.0,0.0,0.0,0.0,0.0,0.0,0.0,0.0,0.0,0.0,0.0,0.0,3.2512917986064953,0.0,0.0,0.0
0.0,0.0,0.0,0.0,0.0,2.8458266904983307,0.0,0.0,0.0,0.0,0.0,0.0,0.0,5.691653380996661,0.0,0.0,0.0,0.0
0.0,0.0,0.0,0.0,0.0,0.0,0.0,0.0,0.0,0.0,0.0,0.0,0.0,0.0,16.256458993032478,0.0,0.0,0.0
0.0,0.0,0.0,0.0,0.0,0.0,0.0,0.0,0.0,0.0,0.0,0.0,0.0,0.0,0.0,0.0,0.0,22.759042590245468
0.0,0.0,0.0,0.0,0.0,0.0,0.0,3.2512917986064953,0.0,0.0,0.0,0.0,0.0,0.0,0.0,0.0,0.0,0.0
0.0,0.0,0.0,0.0,0.0,0.0,0.0,0.0,0.0,0.0,0.0,0.0,0.0,0.0,0.0,0.0,3.2512917986064953,0.0
0.0,0.0,0.0,0.0,0.0,0.0,0.0,0.0,3.2512917986064953,0.0,0.0,0.0,0.0,0.0,0.0,0.0,0.0,0.0
0.0,0.0,0.0,0.0,0.0,0.0,0.0,0.0,2.8458266904983307,0.0,0.0,0.0,0.0,2.8458266904983307,0.0,0.0,0.0,0.0
0.0,0.0,0.0,0.0,0.0,2.8458266904983307,14.229133452491654,0.0,0.0,0.0,0.0,0.0,0.0,0.0,0.0,0.0,0.0,0.0
0.0,0.0,0.0,0.0,0.0,0.0,0.0,0.0,0.0,0.0,0.0,0.0,0.0,3.2512917986064953,0.0,0.0,0.0,0.0
0.0,0.0,0.0,0.0,0.0,0.0,3.2512917986064953,0.0,0.0,0.0,0.0,0.0,0.0,0.0,0.0,0.0,0.0,0.0
0.0,0.0,0.0,0.0,0.0,0.0,0.0,0.0,0.0,0.0,0.0,0.0,0.0,0.0,3.2512917986064953,0.0,0.0,0.0
0.0,0.0,0.0,0.0,2.3350010667323398,4.6700021334646795,0.0,0.0,2.3350010667323398,0.0,0.0,2.3350010667323398,0.0,0.0,0.0,0.0,0.0,0.0
0.0,0.0,26.010334388851962,0.0,0.0,0.0,0.0,0.0,0.0,0.0,0.0,0.0,0.0,0.0,0.0,0.0,0.0,0.0
0.0,2.8458266904983307,0.0,0.0,0.0,0.0,0.0,0.0,0.0,0.0,0.0,0.0,8.537480071494992,0.0,0.0,0.0,0.0,0.0
0.0,0.0,0.0,0.0,0.0,0.0,0.0,0.0,0.0,0.0,0.0,0.0,0.0,0.0,0.0,3.2512917986064953,0.0,0.0
0.0,0.0,0.0,0.0,0.0,0.0,0.0,0.0,0.0,0.0,0.0,0.0,0.0,0.0,0.0,3.2512917986064953,0.0,0.0
0.0,0.0,0.0,0.0,0.0,0.0,0.0,0.0,0.0,0.0,0.0,0.0,3.2512917986064953,0.0,0.0,0.0,0.0,0.0
0.0,0.0,0.0,0.0,0.0,3.2512917986064953,0.0,0.0,0.0,0.0,0.0,0.0,0.0,0.0,0.0,0.0,0.0,0.0
0.0,0.0,0.0,0.0,0.0,0.0,0.0,0.0,0.0,0.0,0.0,0.0,3.2512917986064953,0.0,0.0,0.0,0.0,0.0
0.0,0.0,0.0,0.0,0.0,0.0,0.0,0.0,0.0,0.0,0.0,2.8458266904983307,2.8458266904983307,0.0,0.0,0.0,0.0,0.0
0.0,0.0,0.0,2.55814461804655,0.0,0.0,0.0,0.0,0.0,0.0,0.0,0.0,0.0,0.0,0.0,2.55814461804655,7.67443385413965,0.0
0.0,2.3350010667323398,0.0,0.0,0.0,0.0,0.0,0.0,0.0,0.0,0.0,2.3350010667323398,14.010006400394039,0.0,2.3350010667323398,0.0,0.0,0.0
0.0,0.0,0.0,0.0,0.0,0.0,3.2512917986064953,0.0,0.0,0.0,0.0,0.0,0.0,0.0,0.0,0.0,0.0,0.0
0.0,0.0,0.0,2.1526795099383853,0.0,0.0,2.1526795099383853,0.0,0.0,0.0,0.0,0.0,2.1526795099383853,2.1526795099383853,0.0,0.0,0.0,2.1526795099383853
0.0,3.2512917986064953,0.0,0.0,0.0,0.0,0.0,0.0,0.0,0.0,0.0,0.0,0.0,0.0,0.0,0.0,0.0,0.0
0.0,2.55814461804655,0.0,2.55814461804655,0.0,0.0,0.0,0.0,0.0,0.0,2.55814461804655,0.0,0.0,0.0,0.0,0.0,0.0,0.0
0.0,0.0,0.0,0.0,0.0,2.8458266904983307,0.0,0.0,0.0,0.0,0.0,0.0,0.0,0.0,2.8458266904983307,0.0,0.0,0.0
0.0,3.2512917986064953,0.0,0.0,0.0,0.0,0.0,0.0,0.0,0.0,0.0,0.0,0.0,0.0,0.0,0.0,0.0,0.0
0.0,0.0,0.0,0.0,26.010334388851962,0.0,0.0,0.0,0.0,0.0,0.0,0.0,0.0,0.0,0.0,0.0,0.0,0.0
0.0,0.0,2.3350010667323398,0.0,0.0,0.0,0.0,0.0,0.0,0.0,2.3350010667323398,0.0,0.0,0.0,0.0,2.3350010667323398,2.3350010667323398,0.0
0.0,0.0,0.0,0.0,0.0,0.0,0.0,0.0,0.0,0.0,0.0,0.0,0.0,0.0,0.0,0.0,0.0,3.2512917986064953
0.0,0.0,0.0,0.0,0.0,0.0,0.0,0.0,0.0,0.0,0.0,0.0,0.0,0.0,0.0,0.0,0.0,3.2512917986064953
0.0,0.0,3.2512917986064953,0.0,0.0,0.0,0.0,0.0,0.0,0.0,0.0,0.0,0.0,0.0,0.0,0.0,0.0,0.0
0.0,0.0,0.0,0.0,6.502583597212991,0.0,0.0,0.0,0.0,0.0,0.0,0.0,0.0,0.0,0.0,0.0,0.0,0.0
2.55814461804655,0.0,0.0,0.0,0.0,0.0,2.55814461804655,2.55814461804655,0.0,0.0,0.0,0.0,0.0,0.0,0.0,0.0,0.0,0.0
0.0,4.6700021334646795,0.0,0.0,0.0,0.0,0.0,0.0,0.0,0.0,0.0,4.6700021334646795,0.0,4.6700021334646795,0.0,2.3350010667323398,0.0,0.0
0.0,0.0,0.0,0.0,0.0,0.0,0.0,0.0,0.0,0.0,0.0,0.0,0.0,0.0,0.0,2.8458266904983307,2.8458266904983307,0.0
0.0,0.0,0.0,0.0,0.0,0.0,3.2512917986064953,0.0,0.0,0.0,0.0,0.0,0.0,0.0,0.0,0.0,0.0,0.0
0.0,0.0,0.0,0.0,0.0,0.0,0.0,0.0,0.0,0.0,0.0,2.8458266904983307,0.0,0.0,0.0,0.0,0.0,2.8458266904983307
0.0,11.675005333661698,0.0,2.3350010667323398,0.0,0.0,0.0,0.0,0.0,0.0,0.0,0.0,0.0,0.0,0.0,2.3350010667323398,2.3350010667323398,0.0
0.0,0.0,0.0,0.0,9.753875395819486,0.0,0.0,0.0,0.0,0.0,0.0,0.0,0.0,0.0,0.0,0.0,0.0,0.0
4.444902540440897,2.2224512702204486,2.2224512702204486,1.1112256351102243,1.1112256351102243,1.1112256351102243,3.333676905330673,0.0,1.1112256351102243,4.444902540440897,2.2224512702204486,2.2224512702204486,2.2224512702204486,7.7785794457715705,1.1112256351102243,5.556128175551121,7.7785794457715705,0.0
0.0,0.0,2.8458266904983307,0.0,0.0,0.0,0.0,0.0,0.0,0.0,2.8458266904983307,0.0,0.0,0.0,0.0,0.0,0.0,0.0
0.0,0.0,0.0,0.0,0.0,2.8458266904983307,0.0,0.0,5.691653380996661,0.0,0.0,0.0,0.0,0.0,0.0,0.0,0.0,0.0
0.0,0.0,0.0,0.0,0.0,0.0,0.0,3.2512917986064953,0.0,0.0,0.0,0.0,0.0,0.0,0.0,0.0,0.0,0.0
0.0,0.0,0.0,0.0,0.0,0.0,0.0,0.0,0.0,0.0,0.0,3.2512917986064953,0.0,0.0,0.0,0.0,0.0,0.0
0.0,0.0,0.0,0.0,0.0,3.2512917986064953,0.0,0.0,0.0,0.0,0.0,0.0,0.0,0.0,0.0,0.0,0.0,0.0
0.0,0.0,0.0,0.0,0.0,0.0,2.8458266904983307,0.0,0.0,0.0,2.8458266904983307,0.0,0.0,0.0,0.0,0.0,0.0,0.0
0.0,0.0,0.0,0.0,0.0,0.0,0.0,0.0,0.0,0.0,0.0,0.0,3.2512917986064953,0.0,0.0,0.0,0.0,0.0
0.0,0.0,0.0,0.0,0.0,3.2512917986064953,0.0,0.0,0.0,0.0,0.0,0.0,0.0,0.0,0.0,0.0,0.0,0.0
3.2512917986064953,0.0,0.0,0.0,0.0,0.0,0.0,0.0,0.0,0.0,0.0,0.0,0.0,0.0,0.0,0.0,0.0,0.0
0.0,0.0,0.0,0.0,0.0,0.0,0.0,0.0,0.0,0.0,2.8458266904983307,2.8458266904983307,0.0,0.0,0.0,0.0,0.0,0.0
0.0,0.0,0.0,0.0,0.0,0.0,0.0,0.0,0.0,0.0,0.0,3.2512917986064953,0.0,0.0,0.0,0.0,0.0,0.0
0.0,0.0,0.0,0.0,0.0,0.0,0.0,0.0,0.0,3.2512917986064953,0.0,0.0,0.0,0.0,0.0,0.0,0.0,0.0
0.0,0.0,0.0,0.0,0.0,0.0,0.0,0.0,0.0,19.507750791638973,0.0,0.0,0.0,0.0,0.0,0.0,0.0,0.0
0.0,0.0,8.537480071494992,0.0,0.0,0.0,0.0,0.0,0.0,0.0,0.0,2.8458266904983307,0.0,0.0,0.0,0.0,0.0,0.0
0.0,0.0,0.0,0.0,0.0,0.0,0.0,0.0,3.2512917986064953,0.0,0.0,0.0,0.0,0.0,0.0,0.0,0.0,0.0
0.0,0.0,0.0,0.0,0.0,0.0,0.0,0.0,0.0,0.0,3.2512917986064953,0.0,0.0,0.0,0.0,0.0,0.0,0.0
0.0,0.0,0.0,0.0,0.0,0.0,0.0,0.0,0.0,0.0,0.0,0.0,0.0,0.0,0.0,0.0,0.0,3.2512917986064953
0.0,0.0,0.0,0.0,0.0,0.0,0.0,0.0,0.0,0.0,0.0,3.2512917986064953,0.0,0.0,0.0,0.0,0.0,0.0
0.0,0.0,0.0,0.0,0.0,0.0,0.0,0.0,0.0,3.2512917986064953,0.0,0.0,0.0,0.0,0.0,0.0,0.0,0.0
0.0,0.0,0.0,0.0,0.0,0.0,0.0,0.0,0.0,0.0,0.0,0.0,0.0,3.2512917986064953,0.0,0.0,0.0,0.0
0.0,0.0,0.0,0.0,0.0,0.0,0.0,0.0,0.0,0.0,0.0,0.0,6.502583597212991,0.0,0.0,0.0,0.0,0.0
0.0,0.0,0.0,0.0,0.0,0.0,0.0,0.0,0.0,0.0,0.0,0.0,3.2512917986064953,0.0,0.0,0.0,0.0,0.0
0.0,0.0,0.0,0.0,0.0,0.0,0.0,0.0,0.0,0.0,0.0,3.2512917986064953,0.0,0.0,0.0,0.0,0.0,0.0
0.0,0.0,0.0,0.0,0.0,0.0,3.2512917986064953,0.0,0.0,0.0,0.0,0.0,0.0,0.0,0.0,0.0,0.0,0.0
0.0,0.0,0.0,0.0,0.0,0.0,0.0,0.0,0.0,0.0,0.0,0.0,0.0,0.0,0.0,0.0,0.0,3.2512917986064953
0.0,0.0,0.0,0.0,0.0,0.0,0.0,0.0,0.0,0.0,0.0,0.0,0.0,0.0,0.0,0.0,0.0,3.2512917986064953
0.0,0.0,0.0,0.0,0.0,0.0,3.2512917986064953,0.0,0.0,0.0,0.0,0.0,0.0,0.0,0.0,0.0,0.0,0.0
0.0,0.0,0.0,0.0,0.0,0.0,0.0,0.0,0.0,0.0,0.0,0.0,3.2512917986064953,0.0,0.0,0.0,0.0,0.0
0.0,0.0,0.0,0.0,0.0,0.0,0.0,0.0,0.0,0.0,3.2512917986064953,0.0,0.0,0.0,0.0,0.0,0.0,0.0
0.0,0.0,0.0,0.0,0.0,0.0,3.2512917986064953,0.0,0.0,0.0,0.0,0.0,0.0,0.0,0.0,0.0,0.0,0.0
1.6418538861723948,1.6418538861723948,3.2837077723447896,1.6418538861723948,0.0,0.0,0.0,0.0,0.0,1.6418538861723948,1.6418538861723948,0.0,0.0,0.0,0.0,1.6418538861723948,4.925561658517184,3.2837077723447896
0.0,0.0,0.0,3.2512917986064953,0.0,0.0,0.0,0.0,0.0,0.0,0.0,0.0,0.0,0.0,0.0,0.0,0.0,0.0
0.0,0.0,3.2512917986064953,0.0,0.0,0.0,0.0,0.0,0.0,0.0,0.0,0.0,0.0,0.0,0.0,0.0,0.0,0.0
0.0,0.0,0.0,0.0,0.0,0.0,0.0,0.0,0.0,0.0,0.0,0.0,0.0,2.55814461804655,0.0,2.55814461804655,2.55814461804655,0.0
0.0,0.0,0.0,0.0,0.0,0.0,0.0,0.0,0.0,0.0,0.0,0.0,0.0,0.0,0.0,0.0,0.0,3.2512917986064953
0.0,0.0,0.0,0.0,0.0,0.0,0.0,0.0,0.0,0.0,0.0,0.0,0.0,0.0,3.2512917986064953,0.0,0.0,0.0
0.0,0.0,0.0,0.0,5.691653380996661,0.0,0.0,0.0,0.0,0.0,0.0,0.0,0.0,0.0,5.691653380996661,0.0,0.0,0.0
0.0,0.0,0.0,6.502583597212991,0.0,0.0,0.0,0.0,0.0,0.0,0.0,0.0,0.0,0.0,0.0,0.0,0.0,0.0
0.0,0.0,0.0,0.0,0.0,0.0,0.0,0.0,2.8458266904983307,2.8458266904983307,0.0,0.0,0.0,0.0,0.0,0.0,0.0,0.0
0.0,0.0,0.0,0.0,0.0,0.0,0.0,0.0,0.0,0.0,0.0,0.0,0.0,0.0,0.0,0.0,0.0,3.2512917986064953
3.2512917986064953,0.0,0.0,0.0,0.0,0.0,0.0,0.0,0.0,0.0,0.0,0.0,0.0,0.0,0.0,0.0,0.0,0.0
2.55814461804655,0.0,0.0,0.0,0.0,0.0,2.55814461804655,0.0,0.0,0.0,2.55814461804655,0.0,0.0,0.0,0.0,0.0,0.0,0.0
0.0,0.0,0.0,0.0,0.0,0.0,0.0,0.0,0.0,0.0,6.502583597212991,0.0,0.0,0.0,0.0,0.0,0.0,0.0
0.0,3.2512917986064953,0.0,0.0,0.0,0.0,0.0,0.0,0.0,0.0,0.0,0.0,0.0,0.0,0.0,0.0,0.0,0.0
2.8458266904983307,0.0,0.0,2.8458266904983307,0.0,0.0,0.0,0.0,0.0,0.0,0.0,0.0,0.0,0.0,0.0,0.0,0.0,0.0
0.0,0.0,0.0,0.0,0.0,0.0,0.0,0.0,0.0,0.0,0.0,0.0,2.8458266904983307,0.0,0.0,0.0,0.0,2.8458266904983307
0.0,0.0,0.0,0.0,0.0,0.0,0.0,0.0,0.0,0.0,0.0,0.0,0.0,0.0,0.0,0.0,3.2512917986064953,0.0
1.9985288301111273,0.0,0.0,0.0,0.0,0.0,1.9985288301111273,0.0,0.0,17.986759471000145,0.0,0.0,1.9985288301111273,1.9985288301111273,3.9970576602222545,0.0,0.0,0.0
0.0,0.0,0.0,0.0,0.0,0.0,0.0,0.0,0.0,0.0,0.0,0.0,0.0,0.0,0.0,2.8458266904983307,2.8458266904983307,0.0
0.0,5.1162892360931,0.0,0.0,0.0,0.0,0.0,0.0,2.55814461804655,0.0,0.0,0.0,2.55814461804655,0.0,0.0,0.0,0.0,0.0
0.0,0.0,0.0,0.0,0.0,0.0,0.0,0.0,0.0,0.0,0.0,0.0,0.0,0.0,0.0,0.0,0.0,3.2512917986064953
0.0,0.0,0.0,0.0,0.0,0.0,0.0,0.0,0.0,0.0,0.0,0.0,0.0,0.0,0.0,0.0,0.0,13.005167194425981
0.0,0.0,0.0,2.8458266904983307,0.0,0.0,2.8458266904983307,0.0,0.0,0.0,0.0,0.0,0.0,0.0,0.0,0.0,0.0,0.0
2.1526795099383853,2.1526795099383853,0.0,0.0,0.0,0.0,0.0,0.0,0.0,0.0,2.1526795099383853,10.763397549691927,0.0,2.1526795099383853,0.0,0.0,0.0,0.0
0.0,0.0,0.0,2.55814461804655,2.55814461804655,0.0,0.0,0.0,0.0,0.0,2.55814461804655,0.0,0.0,0.0,0.0,0.0,0.0,0.0
0.0,0.0,0.0,0.0,0.0,0.0,0.0,0.0,0.0,0.0,0.0,0.0,6.502583597212991,0.0,0.0,0.0,0.0,0.0
0.0,0.0,0.0,0.0,0.0,0.0,0.0,0.0,0.0,0.0,3.2512917986064953,0.0,0.0,0.0,0.0,0.0,0.0,0.0
0.0,0.0,0.0,0.0,0.0,0.0,3.2512917986064953,0.0,0.0,0.0,0.0,0.0,0.0,0.0,0.0,0.0,0.0,0.0
0.0,0.0,0.0,0.0,0.0,0.0,0.0,0.0,0.0,0.0,0.0,0.0,2.8458266904983307,2.8458266904983307,0.0,0.0,0.0,0.0
0.0,0.0,0.0,0.0,0.0,0.0,3.2512917986064953,0.0,0.0,0.0,0.0,0.0,0.0,0.0,0.0,0.0,0.0,0.0
0.0,0.0,13.005167194425981,0.0,0.0,0.0,0.0,0.0,0.0,0.0,0.0,0.0,0.0,0.0,0.0,0.0,0.0,0.0
0.0,0.0,3.2512917986064953,0.0,0.0,0.0,0.0,0.0,0.0,0.0,0.0,0.0,0.0,0.0,0.0,0.0,0.0,0.0
0.0,2.1526795099383853,0.0,0.0,0.0,0.0,2.1526795099383853,0.0,0.0,0.0,0.0,0.0,2.1526795099383853,0.0,0.0,2.1526795099383853,2.1526795099383853,0.0
0.0,0.0,0.0,0.0,2.8458266904983307,0.0,0.0,0.0,0.0,0.0,0.0,0.0,0.0,0.0,0.0,0.0,0.0,2.8458266904983307
0.0,0.0,0.0,0.0,0.0,0.0,0.0,0.0,0.0,2.8458266904983307,0.0,0.0,0.0,2.8458266904983307,0.0,0.0,0.0,0.0
0.0,0.0,0.0,0.0,0.0,0.0,0.0,0.0,0.0,0.0,0.0,3.2512917986064953,0.0,0.0,0.0,0.0,0.0,0.0
0.0,2.3350010667323398,0.0,0.0,14.010006400394039,0.0,0.0,2.3350010667323398,0.0,0.0,0.0,0.0,0.0,0.0,9.340004266929359,0.0,0.0,0.0
0.0,0.0,0.0,0.0,0.0,0.0,0.0,3.2512917986064953,0.0,0.0,0.0,0.0,0.0,0.0,0.0,0.0,0.0,0.0
0.0,0.0,0.0,0.0,0.0,0.0,0.0,3.2512917986064953,0.0,0.0,0.0,0.0,0.0,0.0,0.0,0.0,0.0,0.0
0.0,1.8649974374866045,3.729994874973209,0.0,0.0,5.594992312459814,3.729994874973209,0.0,0.0,0.0,0.0,3.729994874973209,3.729994874973209,0.0,1.8649974374866045,0.0,0.0,0.0
0.0,0.0,0.0,0.0,0.0,0.0,0.0,0.0,0.0,0.0,0.0,0.0,0.0,0.0,0.0,0.0,0.0,3.2512917986064953
0.0,0.0,0.0,0.0,0.0,0.0,0.0,0.0,0.0,0.0,0.0,0.0,0.0,6.502583597212991,0.0,0.0,0.0,0.0
0.0,2.55814461804655,0.0,0.0,0.0,0.0,5.1162892360931,0.0,0.0,0.0,0.0,0.0,2.55814461804655,0.0,0.0,0.0,0.0,0.0
0.0,2.1526795099383853,0.0,0.0,0.0,0.0,2.1526795099383853,0.0,0.0,0.0,0.0,0.0,2.1526795099383853,0.0,0.0,4.305359019876771,4.305359019876771,0.0
0.0,0.0,0.0,0.0,0.0,0.0,2.55814461804655,0.0,0.0,0.0,2.55814461804655,0.0,2.55814461804655,0.0,0.0,0.0,0.0,0.0
3.2512917986064953,0.0,0.0,0.0,0.0,0.0,0.0,0.0,0.0,0.0,0.0,0.0,0.0,0.0,0.0,0.0,0.0,0.0
0.0,0.0,0.0,0.0,0.0,0.0,3.2512917986064953,0.0,0.0,0.0,0.0,0.0,0.0,0.0,0.0,0.0,0.0,0.0
0.0,0.0,0.0,0.0,0.0,0.0,3.2512917986064953,0.0,0.0,0.0,0.0,0.0,0.0,0.0,0.0,0.0,0.0,0.0
0.0,0.0,0.0,0.0,0.0,0.0,0.0,0.0,0.0,0.0,0.0,0.0,0.0,0.0,3.2512917986064953,0.0,0.0,0.0
0.0,0.0,0.0,0.0,0.0,0.0,0.0,0.0,0.0,0.0,0.0,0.0,0.0,3.2512917986064953,0.0,0.0,0.0,0.0
0.0,0.0,0.0,0.0,0.0,0.0,0.0,2.8458266904983307,0.0,0.0,0.0,0.0,0.0,8.537480071494992,0.0,0.0,0.0,0.0
0.0,0.0,0.0,0.0,0.0,0.0,0.0,0.0,0.0,0.0,0.0,3.2512917986064953,0.0,0.0,0.0,0.0,0.0,0.0
0.0,0.0,0.0,0.0,3.2512917986064953,0.0,0.0,0.0,0.0,0.0,0.0,0.0,0.0,0.0,0.0,0.0,0.0,0.0
0.0,0.0,0.0,0.0,0.0,0.0,0.0,0.0,0.0,0.0,3.2512917986064953,0.0,0.0,0.0,0.0,0.0,0.0,0.0
0.0,5.691653380996661,0.0,0.0,0.0,0.0,0.0,0.0,0.0,2.8458266904983307,0.0,0.0,0.0,0.0,0.0,0.0,0.0,0.0
0.0,0.0,0.0,0.0,0.0,0.0,0.0,0.0,0.0,3.2512917986064953,0.0,0.0,0.0,0.0,0.0,0.0,0.0,0.0
0.0,0.0,0.0,0.0,0.0,0.0,0.0,0.0,0.0,0.0,0.0,0.0,0.0,0.0,3.2512917986064953,0.0,0.0,0.0
0.0,0.0,0.0,0.0,0.0,0.0,0.0,0.0,0.0,0.0,0.0,0.0,3.2512917986064953,0.0,0.0,0.0,0.0,0.0
0.0,0.0,0.0,0.0,0.0,0.0,0.0,0.0,0.0,0.0,0.0,0.0,0.0,0.0,0.0,0.0,0.0,3.2512917986064953
0.0,0.0,0.0,0.0,0.0,0.0,6.502583597212991,0.0,0.0,0.0,0.0,0.0,0.0,0.0,0.0,0.0,0.0,0.0
0.0,0.0,0.0,0.0,0.0,3.2512917986064953,0.0,0.0,0.0,0.0,0.0,0.0,0.0,0.0,0.0,0.0,0.0,0.0
0.0,0.0,3.2512917986064953,0.0,0.0,0.0,0.0,0.0,0.0,0.0,0.0,0.0,0.0,0.0,0.0,0.0,0.0,0.0
0.0,0.0,2.1526795099383853,0.0,0.0,4.305359019876771,0.0,0.0,0.0,10.763397549691927,0.0,4.305359019876771,0.0,4.305359019876771,0.0,0.0,0.0,0.0
0.0,0.0,0.0,0.0,0.0,0.0,0.0,0.0,0.0,0.0,0.0,0.0,0.0,0.0,3.2512917986064953,0.0,0.0,0.0
0.0,0.0,0.0,0.0,0.0,0.0,3.2512917986064953,0.0,0.0,0.0,0.0,0.0,0.0,0.0,0.0,0.0,0.0,0.0
0.0,0.0,0.0,0.0,0.0,0.0,0.0,0.0,0.0,0.0,0.0,0.0,0.0,0.0,0.0,0.0,0.0,3.2512917986064953
2.55814461804655,0.0,0.0,0.0,0.0,0.0,0.0,0.0,0.0,2.55814461804655,0.0,0.0,0.0,2.55814461804655,0.0,0.0,0.0,0.0
0.0,0.0,0.0,2.55814461804655,0.0,0.0,0.0,0.0,0.0,0.0,0.0,0.0,0.0,2.55814461804655,0.0,0.0,0.0,2.55814461804655
0.0,0.0,0.0,0.0,0.0,0.0,0.0,0.0,0.0,0.0,0.0,0.0,0.0,0.0,0.0,0.0,0.0,3.2512917986064953
0.0,0.0,0.0,0.0,0.0,0.0,0.0,0.0,0.0,0.0,0.0,0.0,0.0,0.0,0.0,0.0,0.0,22.759042590245468
0.0,0.0,0.0,0.0,0.0,0.0,0.0,0.0,0.0,0.0,0.0,0.0,0.0,3.2512917986064953,0.0,0.0,0.0,0.0
0.0,0.0,0.0,0.0,0.0,0.0,0.0,0.0,0.0,0.0,0.0,0.0,0.0,0.0,0.0,0.0,0.0,3.2512917986064953
0.0,0.0,0.0,0.0,0.0,0.0,0.0,0.0,0.0,0.0,0.0,0.0,0.0,3.2512917986064953,0.0,0.0,0.0,0.0
0.0,0.0,0.0,0.0,3.2512917986064953,0.0,0.0,0.0,0.0,0.0,0.0,0.0,0.0,0.0,0.0,0.0,0.0,0.0
0.0,0.0,2.8458266904983307,0.0,0.0,0.0,0.0,2.8458266904983307,0.0,0.0,0.0,0.0,0.0,0.0,0.0,0.0,0.0,0.0
0.0,0.0,0.0,0.0,0.0,0.0,0.0,0.0,0.0,0.0,0.0,0.0,0.0,0.0,0.0,2.8458266904983307,2.8458266904983307,0.0
0.0,2.8458266904983307,0.0,0.0,0.0,0.0,0.0,0.0,0.0,0.0,0.0,0.0,0.0,2.8458266904983307,0.0,0.0,0.0,0.0
0.0,0.0,0.0,0.0,0.0,0.0,0.0,0.0,0.0,3.2512917986064953,0.0,0.0,0.0,0.0,0.0,0.0,0.0,0.0
0.0,0.0,0.0,0.0,0.0,0.0,0.0,0.0,0.0,0.0,0.0,0.0,6.502583597212991,0.0,0.0,0.0,0.0,0.0
0.0,0.0,0.0,0.0,0.0,0.0,0.0,0.0,0.0,0.0,0.0,0.0,0.0,0.0,0.0,0.0,0.0,9.753875395819486
2.3350010667323398,0.0,2.3350010667323398,0.0,0.0,2.3350010667323398,0.0,0.0,0.0,0.0,0.0,4.6700021334646795,0.0,0.0,0.0,0.0,0.0,0.0
0.0,0.0,0.0,0.0,0.0,0.0,3.2512917986064953,0.0,0.0,0.0,0.0,0.0,0.0,0.0,0.0,0.0,0.0,0.0
3.2512917986064953,0.0,0.0,0.0,0.0,0.0,0.0,0.0,0.0,0.0,0.0,0.0,0.0,0.0,0.0,0.0,0.0,0.0
0.0,0.0,0.0,0.0,0.0,0.0,0.0,0.0,0.0,0.0,2.8458266904983307,2.8458266904983307,0.0,0.0,0.0,0.0,0.0,0.0
0.0,0.0,0.0,0.0,0.0,0.0,0.0,0.0,0.0,0.0,0.0,0.0,0.0,0.0,0.0,2.8458266904983307,2.8458266904983307,0.0
0.0,2.3350010667323398,2.3350010667323398,2.3350010667323398,0.0,0.0,0.0,0.0,0.0,2.3350010667323398,0.0,0.0,0.0,0.0,0.0,0.0,0.0,0.0
0.0,0.0,0.0,3.2512917986064953,0.0,0.0,0.0,0.0,0.0,0.0,0.0,0.0,0.0,0.0,0.0,0.0,0.0,0.0
0.0,0.0,0.0,0.0,5.1162892360931,0.0,0.0,5.1162892360931,0.0,0.0,0.0,0.0,0.0,0.0,5.1162892360931,0.0,0.0,0.0
0.0,0.0,0.0,0.0,0.0,0.0,6.502583597212991,0.0,0.0,0.0,0.0,0.0,0.0,0.0,0.0,0.0,0.0,0.0
0.0,0.0,0.0,0.0,0.0,0.0,0.0,0.0,0.0,0.0,0.0,0.0,0.0,3.2512917986064953,0.0,0.0,0.0,0.0
2.3350010667323398,0.0,2.3350010667323398,0.0,0.0,0.0,0.0,0.0,0.0,0.0,0.0,0.0,2.3350010667323398,2.3350010667323398,0.0,0.0,0.0,0.0
0.0,0.0,0.0,0.0,0.0,0.0,0.0,0.0,0.0,0.0,0.0,0.0,3.2512917986064953,0.0,0.0,0.0,0.0,0.0
2.8458266904983307,0.0,0.0,0.0,0.0,0.0,0.0,5.691653380996661,0.0,0.0,0.0,0.0,0.0,0.0,0.0,0.0,0.0,0.0
0.0,0.0,0.0,0.0,0.0,0.0,0.0,0.0,0.0,0.0,0.0,0.0,0.0,3.2512917986064953,0.0,0.0,0.0,0.0
0.0,0.0,0.0,0.0,0.0,0.0,0.0,0.0,0.0,2.8458266904983307,0.0,0.0,0.0,2.8458266904983307,0.0,0.0,0.0,0.0
0.0,0.0,3.2512917986064953,0.0,0.0,0.0,0.0,0.0,0.0,0.0,0.0,0.0,0.0,0.0,0.0,0.0,0.0,0.0
0.0,0.0,0.0,0.0,3.2512917986064953,0.0,0.0,0.0,0.0,0.0,0.0,0.0,0.0,0.0,0.0,0.0,0.0,0.0
0.0,0.0,0.0,20.4651569443724,0.0,0.0,0.0,0.0,0.0,0.0,0.0,0.0,0.0,0.0,0.0,5.1162892360931,10.2325784721862,0.0
0.0,0.0,0.0,0.0,0.0,0.0,0.0,0.0,0.0,2.8458266904983307,0.0,0.0,0.0,2.8458266904983307,0.0,0.0,0.0,0.0
0.0,0.0,0.0,0.0,0.0,0.0,2.55814461804655,0.0,0.0,2.55814461804655,0.0,0.0,2.55814461804655,0.0,0.0,0.0,0.0,0.0
0.0,0.0,0.0,0.0,0.0,0.0,0.0,0.0,0.0,0.0,0.0,0.0,0.0,6.502583597212991,0.0,0.0,0.0,0.0
10.2325784721862,0.0,0.0,0.0,0.0,0.0,2.55814461804655,0.0,0.0,0.0,12.79072309023275,0.0,0.0,0.0,0.0,0.0,0.0,0.0
0.0,0.0,0.0,0.0,0.0,0.0,0.0,0.0,0.0,0.0,3.2512917986064953,0.0,0.0,0.0,0.0,0.0,0.0,0.0
0.0,0.0,0.0,0.0,0.0,0.0,0.0,0.0,0.0,0.0,0.0,0.0,0.0,0.0,3.2512917986064953,0.0,0.0,0.0
0.0,0.0,0.0,0.0,0.0,2.55814461804655,0.0,0.0,7.67443385413965,0.0,0.0,0.0,2.55814461804655,0.0,0.0,0.0,0.0,0.0
0.0,0.0,0.0,0.0,0.0,0.0,2.8458266904983307,0.0,0.0,0.0,8.537480071494992,0.0,0.0,0.0,0.0,0.0,0.0,0.0
0.0,0.0,0.0,0.0,0.0,0.0,0.0,0.0,0.0,0.0,0.0,0.0,13.005167194425981,0.0,0.0,0.0,0.0,0.0
2.8458266904983307,0.0,0.0,0.0,0.0,0.0,0.0,0.0,0.0,0.0,5.691653380996661,0.0,0.0,0.0,0.0,0.0,0.0,0.0
2.8458266904983307,0.0,0.0,0.0,0.0,0.0,0.0,0.0,0.0,0.0,2.8458266904983307,0.0,0.0,0.0,0.0,0.0,0.0,0.0
0.0,0.0,0.0,2.3350010667323398,0.0,0.0,2.3350010667323398,0.0,0.0,0.0,0.0,0.0,0.0,0.0,0.0,4.6700021334646795,4.6700021334646795,0.0
0.0,0.0,0.0,0.0,16.256458993032478,0.0,0.0,0.0,0.0,0.0,0.0,0.0,0.0,0.0,0.0,0.0,0.0,0.0
0.0,0.0,0.0,0.0,0.0,0.0,3.2512917986064953,0.0,0.0,0.0,0.0,0.0,0.0,0.0,0.0,0.0,0.0,0.0
2.1526795099383853,2.1526795099383853,0.0,0.0,0.0,0.0,0.0,0.0,0.0,0.0,2.1526795099383853,0.0,0.0,0.0,0.0,2.1526795099383853,6.4580385298151555,0.0
0.0,0.0,0.0,0.0,0.0,2.55814461804655,0.0,0.0,0.0,0.0,0.0,2.55814461804655,0.0,2.55814461804655,0.0,0.0,0.0,0.0
0.0,0.0,0.0,0.0,0.0,0.0,0.0,3.2512917986064953,0.0,0.0,0.0,0.0,0.0,0.0,0.0,0.0,0.0,0.0
0.0,0.0,0.0,0.0,0.0,0.0,0.0,0.0,0.0,0.0,0.0,0.0,0.0,0.0,3.2512917986064953,0.0,0.0,0.0
2.1526795099383853,0.0,0.0,2.1526795099383853,0.0,0.0,0.0,0.0,0.0,0.0,0.0,0.0,0.0,4.305359019876771,0.0,2.1526795099383853,2.1526795099383853,0.0
0.0,0.0,8.537480071494992,0.0,0.0,0.0,0.0,0.0,0.0,0.0,0.0,0.0,0.0,0.0,0.0,0.0,0.0,8.537480071494992
0.0,0.0,0.0,0.0,0.0,0.0,0.0,0.0,0.0,0.0,0.0,0.0,0.0,0.0,0.0,2.8458266904983307,2.8458266904983307,0.0
0.0,0.0,2.55814461804655,0.0,0.0,2.55814461804655,0.0,0.0,0.0,0.0,0.0,0.0,0.0,0.0,5.1162892360931,0.0,0.0,0.0
0.0,0.0,0.0,0.0,3.2512917986064953,0.0,0.0,0.0,0.0,0.0,0.0,0.0,0.0,0.0,0.0,0.0,0.0,0.0
0.0,0.0,0.0,3.2512917986064953,0.0,0.0,0.0,0.0,0.0,0.0,0.0,0.0,0.0,0.0,0.0,0.0,0.0,0.0
0.0,3.2512917986064953,0.0,0.0,0.0,0.0,0.0,0.0,0.0,0.0,0.0,0.0,0.0,0.0,0.0,0.0,0.0,0.0
0.0,0.0,3.2512917986064953,0.0,0.0,0.0,0.0,0.0,0.0,0.0,0.0,0.0,0.0,0.0,0.0,0.0,0.0,0.0
0.0,0.0,0.0,0.0,0.0,0.0,0.0,0.0,0.0,0.0,0.0,0.0,0.0,0.0,0.0,0.0,0.0,3.2512917986064953
12.79072309023275,0.0,0.0,0.0,0.0,0.0,2.55814461804655,0.0,0.0,0.0,12.79072309023275,0.0,0.0,0.0,0.0,0.0,0.0,0.0
0.0,0.0,0.0,0.0,0.0,0.0,0.0,0.0,0.0,0.0,3.2512917986064953,0.0,0.0,0.0,0.0,0.0,0.0,0.0
0.0,0.0,0.0,0.0,0.0,0.0,0.0,0.0,0.0,0.0,0.0,0.0,2.3350010667323398,2.3350010667323398,0.0,2.3350010667323398,2.3350010667323398,0.0
0.0,2.3350010667323398,0.0,0.0,0.0,0.0,0.0,0.0,0.0,0.0,4.6700021334646795,0.0,0.0,0.0,0.0,2.3350010667323398,2.3350010667323398,0.0
0.0,0.0,0.0,0.0,0.0,0.0,0.0,0.0,0.0,0.0,0.0,0.0,0.0,0.0,0.0,0.0,0.0,3.2512917986064953
0.0,0.0,0.0,0.0,0.0,0.0,0.0,0.0,0.0,0.0,0.0,0.0,0.0,0.0,0.0,0.0,0.0,39.015501583277945
0.0,0.0,0.0,0.0,0.0,0.0,0.0,0.0,0.0,0.0,0.0,0.0,0.0,0.0,0.0,3.2512917986064953,0.0,0.0
0.0,0.0,0.0,0.0,0.0,0.0,2.55814461804655,0.0,0.0,0.0,0.0,5.1162892360931,0.0,0.0,2.55814461804655,0.0,0.0,0.0
0.0,0.0,0.0,0.0,0.0,3.2512917986064953,0.0,0.0,0.0,0.0,0.0,0.0,0.0,0.0,0.0,0.0,0.0,0.0
0.0,0.0,6.502583597212991,0.0,0.0,0.0,0.0,0.0,0.0,0.0,0.0,0.0,0.0,0.0,0.0,0.0,0.0,0.0
0.0,3.2512917986064953,0.0,0.0,0.0,0.0,0.0,0.0,0.0,0.0,0.0,0.0,0.0,0.0,0.0,0.0,0.0,0.0
0.0,0.0,0.0,0.0,0.0,0.0,0.0,0.0,0.0,0.0,0.0,0.0,2.55814461804655,0.0,2.55814461804655,0.0,0.0,2.55814461804655
0.0,0.0,0.0,0.0,0.0,0.0,0.0,0.0,0.0,0.0,0.0,0.0,0.0,0.0,0.0,0.0,0.0,3.2512917986064953
0.0,0.0,0.0,0.0,0.0,0.0,0.0,3.2512917986064953,0.0,0.0,0.0,0.0,0.0,0.0,0.0,0.0,0.0,0.0
0.0,0.0,0.0,5.1162892360931,0.0,0.0,7.67443385413965,0.0,0.0,0.0,0.0,0.0,0.0,0.0,0.0,0.0,0.0,5.1162892360931
0.0,0.0,0.0,0.0,0.0,0.0,0.0,0.0,0.0,0.0,0.0,0.0,0.0,2.8458266904983307,0.0,0.0,0.0,2.8458266904983307
0.0,0.0,0.0,0.0,0.0,0.0,0.0,0.0,0.0,0.0,0.0,0.0,3.2512917986064953,0.0,0.0,0.0,0.0,0.0
0.0,0.0,0.0,0.0,0.0,0.0,0.0,0.0,0.0,0.0,0.0,0.0,0.0,3.2512917986064953,0.0,0.0,0.0,0.0
0.0,0.0,0.0,0.0,0.0,0.0,0.0,0.0,3.2512917986064953,0.0,0.0,0.0,0.0,0.0,0.0,0.0,0.0,0.0
0.0,9.753875395819486,0.0,0.0,0.0,0.0,0.0,0.0,0.0,0.0,0.0,0.0,0.0,0.0,0.0,0.0,0.0,0.0
0.0,0.0,0.0,2.55814461804655,2.55814461804655,0.0,0.0,0.0,0.0,0.0,0.0,2.55814461804655,0.0,0.0,0.0,0.0,0.0,0.0
0.0,0.0,0.0,0.0,0.0,0.0,0.0,0.0,0.0,0.0,0.0,0.0,0.0,0.0,0.0,0.0,0.0,3.2512917986064953
0.0,0.0,0.0,0.0,0.0,0.0,0.0,0.0,0.0,0.0,0.0,0.0,0.0,0.0,0.0,0.0,0.0,6.502583597212991
0.0,0.0,0.0,0.0,0.0,0.0,0.0,0.0,0.0,0.0,0.0,0.0,3.2512917986064953,0.0,0.0,0.0,0.0,0.0
0.0,0.0,0.0,0.0,0.0,0.0,0.0,3.2512917986064953,0.0,0.0,0.0,0.0,0.0,0.0,0.0,0.0,0.0,0.0
0.0,0.0,0.0,0.0,0.0,0.0,0.0,0.0,0.0,0.0,0.0,3.2512917986064953,0.0,0.0,0.0,0.0,0.0,0.0
0.0,2.8458266904983307,0.0,0.0,0.0,0.0,8.537480071494992,0.0,0.0,0.0,0.0,0.0,0.0,0.0,0.0,0.0,0.0,0.0
0.0,0.0,0.0,0.0,0.0,0.0,0.0,0.0,0.0,0.0,0.0,2.8458266904983307,0.0,0.0,0.0,2.8458266904983307,0.0,0.0
3.2512917986064953,0.0,0.0,0.0,0.0,0.0,0.0,0.0,0.0,0.0,0.0,0.0,0.0,0.0,0.0,0.0,0.0,0.0
0.0,0.0,0.0,0.0,0.0,0.0,0.0,0.0,0.0,0.0,5.1162892360931,0.0,0.0,0.0,0.0,2.55814461804655,2.55814461804655,0.0
0.0,0.0,0.0,0.0,0.0,0.0,0.0,3.2512917986064953,0.0,0.0,0.0,0.0,0.0,0.0,0.0,0.0,0.0,0.0
0.0,0.0,0.0,0.0,0.0,0.0,0.0,0.0,0.0,0.0,0.0,0.0,3.2512917986064953,0.0,0.0,0.0,0.0,0.0
0.0,0.0,0.0,0.0,0.0,0.0,0.0,0.0,0.0,0.0,0.0,0.0,3.2512917986064953,0.0,0.0,0.0,0.0,0.0
0.0,0.0,0.0,3.2512917986064953,0.0,0.0,0.0,0.0,0.0,0.0,0.0,0.0,0.0,0.0,0.0,0.0,0.0,0.0
0.0,0.0,0.0,3.2512917986064953,0.0,0.0,0.0,0.0,0.0,0.0,0.0,0.0,0.0,0.0,0.0,0.0,0.0,0.0
0.0,0.0,0.0,0.0,2.8458266904983307,0.0,0.0,0.0,0.0,0.0,0.0,0.0,0.0,0.0,0.0,0.0,0.0,2.8458266904983307
3.2512917986064953,0.0,0.0,0.0,0.0,0.0,0.0,0.0,0.0,0.0,0.0,0.0,0.0,0.0,0.0,0.0,0.0,0.0
0.0,0.0,0.0,0.0,0.0,0.0,0.0,0.0,0.0,6.502583597212991,0.0,0.0,0.0,0.0,0.0,0.0,0.0,0.0
0.0,0.0,0.0,0.0,0.0,6.502583597212991,0.0,0.0,0.0,0.0,0.0,0.0,0.0,0.0,0.0,0.0,0.0,0.0
0.0,0.0,2.8458266904983307,0.0,0.0,28.458266904983308,0.0,0.0,0.0,0.0,0.0,0.0,0.0,0.0,0.0,0.0,0.0,0.0
0.0,0.0,0.0,0.0,0.0,0.0,0.0,0.0,0.0,0.0,2.1526795099383853,0.0,0.0,2.1526795099383853,0.0,2.1526795099383853,2.1526795099383853,2.1526795099383853
0.0,0.0,6.502583597212991,0.0,0.0,0.0,0.0,0.0,0.0,0.0,0.0,0.0,0.0,0.0,0.0,0.0,0.0,0.0
0.0,0.0,0.0,2.8458266904983307,0.0,0.0,0.0,0.0,0.0,0.0,0.0,0.0,0.0,2.8458266904983307,0.0,0.0,0.0,0.0
0.0,0.0,0.0,0.0,0.0,0.0,0.0,0.0,0.0,0.0,3.2512917986064953,0.0,0.0,0.0,0.0,0.0,0.0,0.0
1.8649974374866045,1.8649974374866045,0.0,1.8649974374866045,1.8649974374866045,1.8649974374866045,1.8649974374866045,0.0,0.0,0.0,0.0,0.0,0.0,0.0,0.0,0.0,0.0,1.8649974374866045
0.0,0.0,0.0,0.0,0.0,0.0,0.0,0.0,0.0,0.0,0.0,0.0,3.2512917986064953,0.0,0.0,0.0,0.0,0.0
0.0,0.0,0.0,0.0,0.0,0.0,0.0,0.0,0.0,0.0,0.0,0.0,0.0,0.0,0.0,3.2512917986064953,0.0,0.0
0.0,0.0,0.0,0.0,0.0,0.0,0.0,0.0,0.0,0.0,0.0,19.507750791638973,0.0,0.0,0.0,0.0,0.0,0.0
5.1162892360931,2.55814461804655,0.0,0.0,0.0,0.0,0.0,0.0,0.0,0.0,2.55814461804655,0.0,0.0,0.0,0.0,0.0,0.0,0.0
0.0,0.0,0.0,0.0,0.0,0.0,0.0,0.0,0.0,0.0,0.0,0.0,0.0,0.0,0.0,2.8458266904983307,2.8458266904983307,0.0
0.0,0.0,0.0,0.0,0.0,0.0,0.0,0.0,0.0,0.0,0.0,0.0,0.0,0.0,3.2512917986064953,0.0,0.0,0.0
0.0,0.0,0.0,0.0,0.0,0.0,0.0,0.0,0.0,3.2512917986064953,0.0,0.0,0.0,0.0,0.0,0.0,0.0,0.0
0.0,0.0,0.0,3.2512917986064953,0.0,0.0,0.0,0.0,0.0,0.0,0.0,0.0,0.0,0.0,0.0,0.0,0.0,0.0
0.0,0.0,3.2512917986064953,0.0,0.0,0.0,0.0,0.0,0.0,0.0,0.0,0.0,0.0,0.0,0.0,0.0,0.0,0.0
0.0,0.0,0.0,0.0,2.1526795099383853,0.0,0.0,2.1526795099383853,0.0,0.0,0.0,0.0,0.0,2.1526795099383853,0.0,4.305359019876771,2.1526795099383853,0.0
0.0,0.0,0.0,0.0,5.691653380996661,2.8458266904983307,0.0,0.0,0.0,0.0,0.0,0.0,0.0,0.0,0.0,0.0,0.0,0.0
0.0,0.0,0.0,0.0,3.2512917986064953,0.0,0.0,0.0,0.0,0.0,0.0,0.0,0.0,0.0,0.0,0.0,0.0,0.0
0.0,0.0,0.0,0.0,0.0,0.0,0.0,0.0,0.0,0.0,0.0,0.0,0.0,0.0,3.2512917986064953,0.0,0.0,0.0
0.0,0.0,0.0,0.0,0.0,0.0,0.0,0.0,0.0,0.0,0.0,0.0,0.0,0.0,0.0,3.2512917986064953,0.0,0.0
0.0,3.2512917986064953,0.0,0.0,0.0,0.0,0.0,0.0,0.0,0.0,0.0,0.0,0.0,0.0,0.0,0.0,0.0,0.0
0.0,0.0,0.0,0.0,0.0,0.0,0.0,0.0,0.0,3.2512917986064953,0.0,0.0,0.0,0.0,0.0,0.0,0.0,0.0
0.0,0.0,0.0,0.0,2.55814461804655,0.0,0.0,2.55814461804655,0.0,0.0,0.0,0.0,2.55814461804655,0.0,0.0,0.0,0.0,0.0
3.2512917986064953,0.0,0.0,0.0,0.0,0.0,0.0,0.0,0.0,0.0,0.0,0.0,0.0,0.0,0.0,0.0,0.0,0.0
0.0,0.0,0.0,0.0,0.0,0.0,0.0,9.753875395819486,0.0,0.0,0.0,0.0,0.0,0.0,0.0,0.0,0.0,0.0
0.0,0.0,0.0,0.0,0.0,0.0,0.0,0.0,8.537480071494992,0.0,0.0,0.0,0.0,0.0,5.691653380996661,0.0,0.0,0.0
0.0,0.0,0.0,0.0,3.2512917986064953,0.0,0.0,0.0,0.0,0.0,0.0,0.0,0.0,0.0,0.0,0.0,0.0,0.0
0.0,0.0,0.0,0.0,0.0,13.005167194425981,0.0,0.0,0.0,0.0,0.0,0.0,0.0,0.0,0.0,0.0,0.0,0.0
2.55814461804655,0.0,0.0,0.0,0.0,0.0,2.55814461804655,0.0,0.0,5.1162892360931,0.0,0.0,0.0,0.0,0.0,0.0,0.0,0.0
0.0,0.0,0.0,0.0,0.0,0.0,0.0,0.0,0.0,3.2512917986064953,0.0,0.0,0.0,0.0,0.0,0.0,0.0,0.0
0.0,0.0,0.0,0.0,0.0,0.0,0.0,0.0,0.0,9.753875395819486,0.0,0.0,0.0,0.0,0.0,0.0,0.0,0.0
0.0,0.0,0.0,0.0,0.0,0.0,0.0,3.2512917986064953,0.0,0.0,0.0,0.0,0.0,0.0,0.0,0.0,0.0,0.0
0.0,0.0,0.0,0.0,0.0,0.0,0.0,0.0,0.0,6.502583597212991,0.0,0.0,0.0,0.0,0.0,0.0,0.0,0.0
2.55814461804655,0.0,7.67443385413965,0.0,0.0,2.55814461804655,0.0,0.0,0.0,0.0,0.0,0.0,0.0,0.0,0.0,0.0,0.0,0.0
0.0,0.0,0.0,0.0,0.0,0.0,3.2512917986064953,0.0,0.0,0.0,0.0,0.0,0.0,0.0,0.0,0.0,0.0,0.0
0.0,0.0,0.0,0.0,0.0,0.0,0.0,3.2512917986064953,0.0,0.0,0.0,0.0,0.0,0.0,0.0,0.0,0.0,0.0
0.0,0.0,0.0,0.0,0.0,0.0,0.0,0.0,0.0,0.0,0.0,0.0,0.0,0.0,0.0,0.0,0.0,3.2512917986064953
0.0,0.0,0.0,0.0,0.0,0.0,3.2512917986064953,0.0,0.0,0.0,0.0,0.0,0.0,0.0,0.0,0.0,0.0,0.0
0.0,0.0,0.0,0.0,0.0,0.0,0.0,0.0,0.0,0.0,0.0,0.0,0.0,0.0,0.0,0.0,0.0,3.2512917986064953
0.0,0.0,0.0,3.2512917986064953,0.0,0.0,0.0,0.0,0.0,0.0,0.0,0.0,0.0,0.0,0.0,0.0,0.0,0.0
0.0,0.0,0.0,0.0,0.0,0.0,0.0,0.0,0.0,0.0,0.0,0.0,0.0,0.0,3.2512917986064953,0.0,0.0,0.0
0.0,0.0,0.0,0.0,0.0,0.0,0.0,2.55814461804655,2.55814461804655,0.0,0.0,0.0,0.0,2.55814461804655,0.0,0.0,0.0,0.0
0.0,0.0,0.0,0.0,0.0,0.0,11.383306761993323,0.0,0.0,0.0,0.0,2.8458266904983307,0.0,0.0,0.0,0.0,0.0,0.0
0.0,0.0,0.0,0.0,0.0,0.0,0.0,0.0,0.0,0.0,0.0,0.0,3.2512917986064953,0.0,0.0,0.0,0.0,0.0
0.0,0.0,0.0,0.0,2.8458266904983307,0.0,0.0,0.0,0.0,0.0,0.0,0.0,0.0,0.0,0.0,0.0,0.0,2.8458266904983307
0.0,0.0,0.0,0.0,0.0,0.0,2.55814461804655,0.0,0.0,0.0,0.0,0.0,2.55814461804655,0.0,0.0,0.0,0.0,2.55814461804655
0.0,0.0,3.2512917986064953,0.0,0.0,0.0,0.0,0.0,0.0,0.0,0.0,0.0,0.0,0.0,0.0,0.0,0.0,0.0
0.0,0.0,0.0,0.0,0.0,0.0,0.0,0.0,0.0,2.8458266904983307,0.0,0.0,0.0,0.0,0.0,0.0,0.0,2.8458266904983307
4.37859698813532,2.9190646587568803,0.0,1.4595323293784401,0.0,0.0,1.4595323293784401,1.4595323293784401,0.0,0.0,2.9190646587568803,4.37859698813532,0.0,0.0,1.4595323293784401,1.4595323293784401,1.4595323293784401,2.9190646587568803
0.0,0.0,0.0,0.0,0.0,0.0,0.0,0.0,0.0,0.0,0.0,0.0,3.2512917986064953,0.0,0.0,0.0,0.0,0.0
0.0,0.0,0.0,0.0,0.0,0.0,0.0,0.0,0.0,0.0,3.2512917986064953,0.0,0.0,0.0,0.0,0.0,0.0,0.0
0.0,0.0,0.0,0.0,0.0,0.0,0.0,0.0,0.0,0.0,0.0,3.2512917986064953,0.0,0.0,0.0,0.0,0.0,0.0
0.0,0.0,0.0,0.0,0.0,0.0,0.0,0.0,0.0,0.0,0.0,0.0,0.0,0.0,0.0,0.0,0.0,6.502583597212991
0.0,0.0,0.0,3.2512917986064953,0.0,0.0,0.0,0.0,0.0,0.0,0.0,0.0,0.0,0.0,0.0,0.0,0.0,0.0
2.3350010667323398,2.3350010667323398,0.0,0.0,0.0,0.0,0.0,0.0,2.3350010667323398,0.0,0.0,7.005003200197019,0.0,0.0,0.0,0.0,0.0,0.0
2.1526795099383853,0.0,2.1526795099383853,0.0,0.0,0.0,2.1526795099383853,0.0,0.0,0.0,0.0,0.0,4.305359019876771,2.1526795099383853,0.0,0.0,0.0,0.0
0.0,0.0,0.0,0.0,0.0,0.0,0.0,0.0,0.0,0.0,0.0,0.0,0.0,0.0,3.2512917986064953,0.0,0.0,0.0
0.0,0.0,0.0,0.0,0.0,0.0,0.0,0.0,0.0,5.691653380996661,0.0,0.0,0.0,2.8458266904983307,0.0,0.0,0.0,0.0
0.0,0.0,0.0,0.0,0.0,15.3488677082793,0.0,2.55814461804655,0.0,0.0,0.0,0.0,5.1162892360931,0.0,0.0,0.0,0.0,0.0
0.0,2.3350010667323398,0.0,0.0,0.0,0.0,2.3350010667323398,0.0,0.0,0.0,0.0,0.0,2.3350010667323398,0.0,2.3350010667323398,0.0,0.0,0.0
0.0,0.0,0.0,0.0,0.0,0.0,0.0,0.0,0.0,0.0,0.0,5.691653380996661,2.8458266904983307,0.0,0.0,0.0,0.0,0.0
0.0,0.0,3.2512917986064953,0.0,0.0,0.0,0.0,0.0,0.0,0.0,0.0,0.0,0.0,0.0,0.0,0.0,0.0,0.0
0.0,3.2512917986064953,0.0,0.0,0.0,0.0,0.0,0.0,0.0,0.0,0.0,0.0,0.0,0.0,0.0,0.0,0.0,0.0
0.0,0.0,3.2512917986064953,0.0,0.0,0.0,0.0,0.0,0.0,0.0,0.0,0.0,0.0,0.0,0.0,0.0,0.0,0.0
0.0,0.0,0.0,2.3350010667323398,0.0,0.0,0.0,0.0,0.0,7.005003200197019,0.0,0.0,0.0,0.0,0.0,2.3350010667323398,2.3350010667323398,0.0
0.0,0.0,0.0,2.8458266904983307,0.0,0.0,0.0,0.0,0.0,0.0,0.0,0.0,2.8458266904983307,0.0,0.0,0.0,0.0,0.0
6.502583597212991,0.0,0.0,0.0,0.0,0.0,0.0,0.0,0.0,0.0,0.0,0.0,0.0,0.0,0.0,0.0,0.0,0.0
0.0,0.0,0.0,0.0,0.0,0.0,0.0,0.0,0.0,0.0,0.0,0.0,0.0,0.0,0.0,0.0,0.0,3.2512917986064953
0.0,0.0,0.0,0.0,6.502583597212991,0.0,0.0,0.0,0.0,0.0,0.0,0.0,0.0,0.0,0.0,0.0,0.0,0.0
0.0,0.0,3.2512917986064953,0.0,0.0,0.0,0.0,0.0,0.0,0.0,0.0,0.0,0.0,0.0,0.0,0.0,0.0,0.0
0.0,3.2512917986064953,0.0,0.0,0.0,0.0,0.0,0.0,0.0,0.0,0.0,0.0,0.0,0.0,0.0,0.0,0.0,0.0
2.8458266904983307,2.8458266904983307,0.0,0.0,0.0,0.0,0.0,0.0,0.0,0.0,0.0,0.0,0.0,0.0,0.0,0.0,0.0,0.0
0.0,0.0,0.0,0.0,0.0,0.0,0.0,0.0,0.0,0.0,0.0,0.0,0.0,0.0,0.0,2.8458266904983307,0.0,2.8458266904983307
0.0,0.0,0.0,0.0,0.0,0.0,0.0,0.0,0.0,0.0,0.0,0.0,0.0,0.0,0.0,0.0,3.2512917986064953,0.0
0.0,0.0,0.0,2.8458266904983307,0.0,0.0,0.0,0.0,0.0,0.0,0.0,0.0,0.0,0.0,0.0,0.0,2.8458266904983307,0.0
0.0,0.0,2.8458266904983307,0.0,0.0,0.0,0.0,0.0,0.0,0.0,0.0,0.0,0.0,2.8458266904983307,0.0,0.0,0.0,0.0
0.0,0.0,0.0,0.0,0.0,0.0,3.2512917986064953,0.0,0.0,0.0,0.0,0.0,0.0,0.0,0.0,0.0,0.0,0.0
2.8458266904983307,0.0,0.0,0.0,0.0,0.0,2.8458266904983307,0.0,0.0,0.0,0.0,0.0,0.0,0.0,0.0,0.0,0.0,0.0
0.0,0.0,0.0,0.0,0.0,0.0,0.0,0.0,0.0,0.0,0.0,0.0,3.2512917986064953,0.0,0.0,0.0,0.0,0.0
0.0,0.0,0.0,0.0,0.0,0.0,0.0,0.0,0.0,0.0,0.0,0.0,0.0,3.2512917986064953,0.0,0.0,0.0,0.0
0.0,0.0,0.0,0.0,0.0,0.0,0.0,0.0,0.0,0.0,0.0,0.0,0.0,0.0,0.0,5.691653380996661,5.691653380996661,0.0
0.0,0.0,0.0,0.0,0.0,5.691653380996661,0.0,0.0,0.0,2.8458266904983307,0.0,0.0,0.0,0.0,0.0,0.0,0.0,0.0
0.0,0.0,0.0,0.0,0.0,0.0,0.0,0.0,0.0,0.0,0.0,0.0,0.0,3.2512917986064953,0.0,0.0,0.0,0.0
0.0,0.0,0.0,3.2512917986064953,0.0,0.0,0.0,0.0,0.0,0.0,0.0,0.0,0.0,0.0,0.0,0.0,0.0,0.0
0.0,0.0,0.0,0.0,0.0,0.0,0.0,0.0,0.0,0.0,0.0,0.0,0.0,0.0,0.0,2.8458266904983307,2.8458266904983307,0.0
0.0,0.0,0.0,0.0,6.502583597212991,0.0,0.0,0.0,0.0,0.0,0.0,0.0,0.0,0.0,0.0,0.0,0.0,0.0
0.0,0.0,0.0,0.0,0.0,2.8458266904983307,0.0,0.0,0.0,0.0,0.0,0.0,0.0,0.0,2.8458266904983307,0.0,0.0,0.0
0.0,0.0,0.0,0.0,0.0,0.0,0.0,0.0,0.0,0.0,0.0,0.0,0.0,0.0,0.0,2.8458266904983307,2.8458266904983307,0.0
0.0,0.0,0.0,0.0,0.0,0.0,0.0,0.0,0.0,0.0,0.0,0.0,0.0,0.0,0.0,0.0,0.0,3.2512917986064953
0.0,0.0,0.0,0.0,3.2512917986064953,0.0,0.0,0.0,0.0,0.0,0.0,0.0,0.0,0.0,0.0,0.0,0.0,0.0
0.0,0.0,0.0,0.0,3.2512917986064953,0.0,0.0,0.0,0.0,0.0,0.0,0.0,0.0,0.0,0.0,0.0,0.0,0.0
0.0,0.0,0.0,0.0,0.0,0.0,0.0,0.0,0.0,0.0,0.0,0.0,0.0,0.0,3.2512917986064953,0.0,0.0,0.0
0.0,0.0,0.0,0.0,0.0,0.0,0.0,0.0,0.0,0.0,0.0,0.0,0.0,0.0,3.2512917986064953,0.0,0.0,0.0
0.0,0.0,1.3794896217049037,1.3794896217049037,1.3794896217049037,4.138468865114711,0.0,0.0,1.3794896217049037,4.138468865114711,0.0,1.3794896217049037,1.3794896217049037,5.517958486819615,1.3794896217049037,2.7589792434098075,2.7589792434098075,0.0
0.0,3.2512917986064953,0.0,0.0,0.0,0.0,0.0,0.0,0.0,0.0,0.0,0.0,0.0,0.0,0.0,0.0,0.0,0.0
0.0,0.0,0.0,0.0,0.0,0.0,0.0,3.2512917986064953,0.0,0.0,0.0,0.0,0.0,0.0,0.0,0.0,0.0,0.0
0.0,0.0,0.0,0.0,0.0,0.0,0.0,0.0,0.0,0.0,0.0,0.0,2.3350010667323398,4.6700021334646795,0.0,2.3350010667323398,2.3350010667323398,0.0
0.0,0.0,0.0,0.0,0.0,1.9985288301111273,0.0,1.9985288301111273,0.0,9.992644150555636,1.9985288301111273,7.994115320444509,0.0,5.995586490333382,0.0,0.0,0.0,0.0
0.0,6.502583597212991,0.0,0.0,0.0,0.0,0.0,0.0,0.0,0.0,0.0,0.0,0.0,0.0,0.0,0.0,0.0,0.0
0.0,0.0,0.0,0.0,2.8458266904983307,0.0,0.0,8.537480071494992,0.0,0.0,0.0,0.0,0.0,0.0,0.0,0.0,0.0,0.0
5.1162892360931,0.0,0.0,0.0,0.0,0.0,5.1162892360931,0.0,0.0,0.0,0.0,2.55814461804655,0.0,0.0,0.0,0.0,0.0,0.0
6.502583597212991,0.0,0.0,0.0,0.0,0.0,0.0,0.0,0.0,0.0,0.0,0.0,0.0,0.0,0.0,0.0,0.0,0.0
0.0,2.3350010667323398,0.0,0.0,0.0,0.0,0.0,0.0,0.0,0.0,0.0,2.3350010667323398,0.0,4.6700021334646795,2.3350010667323398,0.0,0.0,0.0
0.0,0.0,0.0,0.0,0.0,0.0,3.2512917986064953,0.0,0.0,0.0,0.0,0.0,0.0,0.0,0.0,0.0,0.0,0.0
0.0,0.0,0.0,0.0,0.0,0.0,0.0,0.0,0.0,0.0,0.0,0.0,0.0,0.0,0.0,3.2512917986064953,0.0,0.0
2.1526795099383853,0.0,0.0,0.0,0.0,0.0,2.1526795099383853,0.0,0.0,2.1526795099383853,4.305359019876771,0.0,0.0,4.305359019876771,0.0,0.0,0.0,0.0
0.0,0.0,2.55814461804655,0.0,0.0,2.55814461804655,0.0,0.0,0.0,0.0,0.0,0.0,2.55814461804655,0.0,0.0,0.0,0.0,0.0
0.0,0.0,0.0,0.0,0.0,0.0,0.0,0.0,0.0,0.0,0.0,0.0,0.0,3.2512917986064953,0.0,0.0,0.0,0.0
0.0,0.0,0.0,0.0,0.0,0.0,0.0,0.0,0.0,0.0,0.0,0.0,3.2512917986064953,0.0,0.0,0.0,0.0,0.0
0.0,0.0,0.0,0.0,0.0,0.0,0.0,0.0,0.0,3.2512917986064953,0.0,0.0,0.0,0.0,0.0,0.0,0.0,0.0
0.0,0.0,0.0,3.2512917986064953,0.0,0.0,0.0,0.0,0.0,0.0,0.0,0.0,0.0,0.0,0.0,0.0,0.0,0.0
1.7472144018302211,1.7472144018302211,1.7472144018302211,3.4944288036604423,0.0,0.0,10.483286410981327,0.0,0.0,0.0,3.4944288036604423,0.0,0.0,0.0,0.0,1.7472144018302211,8.736072009151105,0.0
0.0,0.0,0.0,0.0,0.0,0.0,0.0,0.0,0.0,0.0,0.0,0.0,0.0,3.2512917986064953,0.0,0.0,0.0,0.0
1.9985288301111273,0.0,0.0,0.0,9.992644150555636,1.9985288301111273,0.0,1.9985288301111273,0.0,0.0,0.0,3.9970576602222545,0.0,0.0,5.995586490333382,0.0,0.0,0.0
0.0,0.0,0.0,0.0,0.0,0.0,0.0,0.0,0.0,0.0,0.0,0.0,0.0,3.2512917986064953,0.0,0.0,0.0,0.0
0.0,0.0,0.0,0.0,0.0,0.0,0.0,0.0,0.0,0.0,0.0,0.0,0.0,0.0,0.0,2.8458266904983307,2.8458266904983307,0.0
0.0,2.3350010667323398,0.0,0.0,0.0,4.6700021334646795,0.0,0.0,2.3350010667323398,0.0,0.0,9.340004266929359,0.0,0.0,0.0,0.0,0.0,0.0
0.0,0.0,0.0,0.0,0.0,0.0,0.0,0.0,0.0,0.0,0.0,0.0,0.0,0.0,0.0,3.2512917986064953,0.0,0.0
0.0,3.2512917986064953,0.0,0.0,0.0,0.0,0.0,0.0,0.0,0.0,0.0,0.0,0.0,0.0,0.0,0.0,0.0,0.0
0.0,0.0,0.0,2.8458266904983307,0.0,0.0,0.0,0.0,0.0,0.0,0.0,0.0,0.0,0.0,2.8458266904983307,0.0,0.0,0.0
0.0,0.0,6.502583597212991,0.0,0.0,0.0,0.0,0.0,0.0,0.0,0.0,0.0,0.0,0.0,0.0,0.0,0.0,0.0
0.0,0.0,0.0,0.0,0.0,0.0,0.0,0.0,0.0,0.0,0.0,0.0,0.0,0.0,3.2512917986064953,0.0,0.0,0.0
0.0,0.0,0.0,0.0,0.0,0.0,3.2512917986064953,0.0,0.0,0.0,0.0,0.0,0.0,0.0,0.0,0.0,0.0,0.0
0.0,0.0,2.55814461804655,0.0,0.0,0.0,0.0,0.0,0.0,0.0,0.0,0.0,2.55814461804655,2.55814461804655,0.0,0.0,0.0,0.0
0.0,0.0,0.0,0.0,0.0,0.0,0.0,0.0,0.0,0.0,0.0,2.8458266904983307,0.0,0.0,0.0,0.0,0.0,8.537480071494992
0.0,0.0,0.0,0.0,0.0,0.0,0.0,2.55814461804655,0.0,2.55814461804655,0.0,0.0,0.0,0.0,0.0,0.0,0.0,5.1162892360931
0.0,0.0,0.0,0.0,0.0,0.0,0.0,0.0,0.0,0.0,0.0,0.0,3.2512917986064953,0.0,0.0,0.0,0.0,0.0
0.0,0.0,3.2512917986064953,0.0,0.0,0.0,0.0,0.0,0.0,0.0,0.0,0.0,0.0,0.0,0.0,0.0,0.0,0.0
0.0,0.0,0.0,0.0,0.0,0.0,0.0,0.0,0.0,0.0,0.0,0.0,0.0,0.0,0.0,0.0,0.0,3.2512917986064953
0.0,0.0,0.0,0.0,0.0,0.0,0.0,0.0,0.0,0.0,3.2512917986064953,0.0,0.0,0.0,0.0,0.0,0.0,0.0
0.0,0.0,0.0,0.0,0.0,0.0,0.0,0.0,0.0,0.0,3.2512917986064953,0.0,0.0,0.0,0.0,0.0,0.0,0.0
0.0,0.0,0.0,0.0,2.8458266904983307,2.8458266904983307,0.0,0.0,0.0,0.0,0.0,0.0,0.0,0.0,0.0,0.0,0.0,0.0
0.0,0.0,0.0,2.8458266904983307,0.0,0.0,2.8458266904983307,0.0,0.0,0.0,0.0,0.0,0.0,0.0,0.0,0.0,0.0,0.0
0.0,0.0,0.0,0.0,0.0,2.55814461804655,2.55814461804655,0.0,5.1162892360931,0.0,0.0,0.0,0.0,0.0,0.0,0.0,0.0,0.0
0.0,0.0,3.2512917986064953,0.0,0.0,0.0,0.0,0.0,0.0,0.0,0.0,0.0,0.0,0.0,0.0,0.0,0.0,0.0
0.0,0.0,0.0,0.0,0.0,0.0,0.0,0.0,0.0,0.0,0.0,0.0,0.0,0.0,0.0,0.0,0.0,3.2512917986064953
0.0,0.0,0.0,0.0,0.0,0.0,0.0,0.0,0.0,0.0,0.0,5.691653380996661,0.0,2.8458266904983307,0.0,0.0,0.0,0.0
0.0,0.0,0.0,1.9985288301111273,0.0,1.9985288301111273,0.0,0.0,0.0,7.994115320444509,0.0,1.9985288301111273,0.0,5.995586490333382,3.9970576602222545,0.0,0.0,0.0
0.0,0.0,0.0,0.0,3.2512917986064953,0.0,0.0,0.0,0.0,0.0,0.0,0.0,0.0,0.0,0.0,0.0,0.0,0.0
0.0,0.0,0.0,0.0,0.0,2.55814461804655,0.0,0.0,0.0,0.0,0.0,2.55814461804655,0.0,2.55814461804655,0.0,0.0,0.0,0.0
0.0,0.0,0.0,2.8458266904983307,0.0,0.0,0.0,0.0,0.0,0.0,0.0,0.0,2.8458266904983307,0.0,0.0,0.0,0.0,0.0
0.0,0.0,0.0,0.0,0.0,0.0,0.0,0.0,0.0,0.0,0.0,0.0,0.0,0.0,0.0,3.2512917986064953,0.0,0.0
0.0,0.0,2.8458266904983307,0.0,0.0,0.0,2.8458266904983307,0.0,0.0,0.0,0.0,0.0,0.0,0.0,0.0,0.0,0.0,0.0
0.0,0.0,0.0,2.8458266904983307,0.0,0.0,0.0,0.0,0.0,0.0,0.0,0.0,0.0,0.0,0.0,0.0,0.0,2.8458266904983307
0.0,0.0,0.0,0.0,0.0,0.0,0.0,0.0,0.0,0.0,0.0,0.0,0.0,0.0,3.2512917986064953,0.0,0.0,0.0
2.1526795099383853,0.0,0.0,0.0,0.0,0.0,0.0,2.1526795099383853,0.0,0.0,2.1526795099383853,0.0,0.0,0.0,0.0,2.1526795099383853,2.1526795099383853,0.0
0.0,1.9985288301111273,0.0,1.9985288301111273,0.0,0.0,0.0,1.9985288301111273,0.0,0.0,0.0,5.995586490333382,0.0,0.0,0.0,1.9985288301111273,1.9985288301111273,0.0
0.0,0.0,0.0,2.8458266904983307,0.0,0.0,0.0,2.8458266904983307,0.0,0.0,0.0,0.0,0.0,0.0,0.0,0.0,0.0,0.0
3.729994874973209,3.729994874973209,0.0,3.729994874973209,3.729994874973209,3.729994874973209,3.729994874973209,0.0,0.0,0.0,0.0,0.0,0.0,0.0,0.0,0.0,0.0,3.729994874973209
0.0,0.0,0.0,0.0,0.0,8.610718039753541,2.1526795099383853,0.0,2.1526795099383853,19.374115589445466,0.0,0.0,0.0,4.305359019876771,0.0,0.0,0.0,0.0
0.0,5.1162892360931,0.0,0.0,0.0,0.0,0.0,5.1162892360931,0.0,0.0,0.0,0.0,0.0,0.0,2.55814461804655,0.0,0.0,0.0
0.0,19.920786833488314,0.0,0.0,0.0,0.0,0.0,2.8458266904983307,0.0,0.0,0.0,0.0,0.0,0.0,0.0,0.0,0.0,0.0
0.0,0.0,0.0,0.0,3.2512917986064953,0.0,0.0,0.0,0.0,0.0,0.0,0.0,0.0,0.0,0.0,0.0,0.0,0.0
0.0,0.0,0.0,0.0,0.0,0.0,0.0,0.0,0.0,0.0,0.0,0.0,3.2512917986064953,0.0,0.0,0.0,0.0,0.0
0.0,0.0,0.0,0.0,0.0,9.753875395819486,0.0,0.0,0.0,0.0,0.0,0.0,0.0,0.0,0.0,0.0,0.0,0.0
0.0,0.0,0.0,9.340004266929359,0.0,0.0,0.0,0.0,0.0,0.0,0.0,0.0,0.0,2.3350010667323398,0.0,2.3350010667323398,2.3350010667323398,0.0
0.0,0.0,0.0,0.0,0.0,0.0,0.0,0.0,0.0,0.0,0.0,0.0,0.0,0.0,0.0,0.0,0.0,3.2512917986064953
0.0,0.0,0.0,0.0,0.0,0.0,0.0,2.8458266904983307,0.0,2.8458266904983307,0.0,0.0,0.0,0.0,0.0,0.0,0.0,0.0
0.0,0.0,0.0,0.0,0.0,0.0,0.0,0.0,0.0,0.0,0.0,0.0,0.0,0.0,0.0,0.0,0.0,16.256458993032478
0.0,0.0,0.0,0.0,3.2512917986064953,0.0,0.0,0.0,0.0,0.0,0.0,0.0,0.0,0.0,0.0,0.0,0.0,0.0
0.0,0.0,0.0,0.0,5.691653380996661,0.0,0.0,0.0,0.0,0.0,0.0,0.0,0.0,0.0,5.691653380996661,0.0,0.0,0.0
0.0,0.0,0.0,0.0,0.0,0.0,0.0,0.0,0.0,0.0,0.0,0.0,0.0,0.0,3.2512917986064953,0.0,0.0,0.0
0.0,0.0,0.0,0.0,0.0,0.0,0.0,0.0,0.0,0.0,0.0,0.0,0.0,3.2512917986064953,0.0,0.0,0.0,0.0
0.0,0.0,0.0,0.0,0.0,0.0,0.0,0.0,0.0,0.0,0.0,3.2512917986064953,0.0,0.0,0.0,0.0,0.0,0.0
0.0,0.0,0.0,3.2512917986064953,0.0,0.0,0.0,0.0,0.0,0.0,0.0,0.0,0.0,0.0,0.0,0.0,0.0,0.0
0.0,2.55814461804655,0.0,0.0,0.0,0.0,2.55814461804655,0.0,0.0,0.0,2.55814461804655,0.0,0.0,0.0,0.0,0.0,0.0,0.0
0.0,3.2512917986064953,0.0,0.0,0.0,0.0,0.0,0.0,0.0,0.0,0.0,0.0,0.0,0.0,0.0,0.0,0.0,0.0
